<?xml version="1.0" encoding="UTF-8"?>
<div1 type="trialAccount" id="t16791015-2">
               <interp inst="t16791015-2" type="collection" value="BAILEY"></interp>
               <interp inst="t16791015-2" type="year" value="1679"></interp>
               <interp inst="t16791015-2" type="uri" value="sessionsPapers/16791015"></interp>
               <interp inst="t16791015-2" type="date" value="16791015"></interp>
               <join result="criminalCharge" id="t16791015-2-off5-c2" targOrder="Y" targets="t16791015-2-defend2 t16791015-2-off5 t16791015-2-verdict6"></join>
         
               <p>The next seemed to be an object of Compassion to most People present, a poor young 
               <persName id="t16791015-2-defend2" type="defendantName">Wench<interp inst="t16791015-2-defend2" type="gender" value="female"></interp>
                  </persName>
             lodging about Thames street, <rs id="t16791015-2-off5" type="offenceDescription">
                     <interp inst="t16791015-2-off5" type="offenceCategory" value="kill"></interp>
                     <interp inst="t16791015-2-off5" type="offenceSubcategory" value="infanticide"></interp>
               betrayed (as she alleadged by a promise of Marriage and getting her with Child, which being perceived by the Woman that she lodged with, to whom she confessed the truth thereof, just when she came to fall in Labour about 9 or 10 a Clock in the Night, this   etous woman, fearing some charge or trouble might happen to her, who had entertain'd her, cruelly turned her out of doors, and set her in another Parish, and there left her in pains, telling her that now the said Parish were bound to provide for her. In this sad condition in the street, and without any help was this poor Creature delivered, and being found lying as one half dead by the watch, and her condition perceived; a midwife was called, who found the Child dead, but not separated from her Body
            </rs>, when she came to her; who asking her if it were still-born, the Prisoner both then and now said, it was not, for she heard it, cry, but denied that she intended or used any wilful means to make away the Life of it nor did there any signs of Violence appear save only some little spots or marks of a Bruse or Pinch on the Throat, which some conceive might be occasion'd Involuntarily in struggling to Promote its Birth; by an ignorant Woman in her circumstances: however being a Bastard Child, and the law makeing it death in that case for any woman to be delivered alone without calling help, she was thereupon found <rs id="t16791015-2-verdict6" type="verdictDescription">
                     <interp inst="t16791015-2-verdict6" type="verdictCategory" value="guilty"></interp>
               Guilty
            </rs>.</p>
               <p>
                  <rs id="t16791015-2-punish7" type="punishmentDescription">
                     <interp inst="t16791015-2-punish7" type="punishmentCategory" value="death"></interp>
                     <join result="defendantPunishment" targOrder="Y" targets="t16791015-2-defend2 t16791015-2-punish7"></join>
               
                     <note>[Death. See summary.]</note>
               
                  </rs>
               </p>
            </div1>