<?xml version="1.0" encoding="UTF-8"?>
<div1 type="trialAccount" id="t16790430-1">
               <interp inst="t16790430-1" type="collection" value="BAILEY"></interp>
               <interp inst="t16790430-1" type="year" value="1679"></interp>
               <interp inst="t16790430-1" type="uri" value="sessionsPapers/16790430"></interp>
               <interp inst="t16790430-1" type="date" value="16790430"></interp>
               <join result="criminalCharge" id="t16790430-1-off1-c1" targOrder="Y" targets="t16790430-1-defend1 t16790430-1-off1 t16790430-1-verdict3"></join>
         
               <p>THe Sessions beginning on Wednesday, a young 
               <persName id="t16790430-1-defend1" type="defendantName">woman<interp inst="t16790430-1-defend1" type="gender" value="female"></interp>
                  </persName>
             was tried for <rs id="t16790430-1-off1" type="offenceDescription">
                     <interp inst="t16790430-1-off1" type="offenceCategory" value="kill"></interp>
                     <interp inst="t16790430-1-off1" type="offenceSubcategory" value="infanticide"></interp>
               Murthering her (supposed) Bastard-childe
            </rs>. Being <rs id="t16790430-1-deflabel2" type="occupation">Servant in a Victualing-house</rs>
                  <join result="persNameOccupation" targOrder="Y" targets="t16790430-1-defend1 t16790430-1-deflabel2"></join>, a Fellow living in the same house, accidentally found something under the stairs wrapt up in a Cloth; which upon opening proved to be a young naked Childe; which had lain so long there, (six or eight weeks, as it was supposed) that 'twas putrified. Hereupon the Prisoner was suspected that it might be hers, and search'd by a Midwife and some Matrons, who were of opinion that she had a Childe, but not so lately: And indeed she confess'd, she had a year or two ago, a little one, but affirmed, that she was then married, and absolutely denied that she knew any thing of this Childe. Wherefore there being no proof that it was hers, and for that, being a publick house, it was possible it might be laid there by another, she was <rs id="t16790430-1-verdict3" type="verdictDescription">
                     <interp inst="t16790430-1-verdict3" type="verdictCategory" value="notGuilty"></interp>
               acquitted
            </rs>.</p>
            </div1>