<?xml version="1.0" encoding="UTF-8"?>
<div1 type="trialAccount" id="t16770906-1">
               <interp inst="t16770906-1" type="collection" value="BAILEY"></interp>
               <interp inst="t16770906-1" type="year" value="1677"></interp>
               <interp inst="t16770906-1" type="uri" value="sessionsPapers/16770906"></interp>
               <interp inst="t16770906-1" type="date" value="16770906"></interp>
               <join result="criminalCharge" id="t16770906-1-off1-c1" targOrder="Y" targets="t16770906-1-defend1 t16770906-1-off1 t16770906-1-verdict3"></join>
         
               <p>THe first person that received Trial this Sessions, was a 
               <persName id="t16770906-1-defend1" type="defendantName">young Woman<interp inst="t16770906-1-defend1" type="gender" value="female"></interp>
                  </persName>
             for the horrid Crime of <rs id="t16770906-1-off1" type="offenceDescription">
                     <interp inst="t16770906-1-off1" type="offenceCategory" value="kill"></interp>
                     <interp inst="t16770906-1-off1" type="offenceSubcategory" value="infanticide"></interp>
               Murder, charged to have been unnaturally committed on her own Female bastard Child
            </rs>, on the <rs id="t16770906-1-cd2" type="crimeDate">17th of July</rs>
                  <join result="offenceCrimeDate" targOrder="Y" targets="t16770906-1-off1 t16770906-1-cd2"></join> last: She had been for some time suspected to be with child, but it did not appear any body had burthen'd her therewith. She was delivered alone, and had laid the Child in a Trunk; but being very sick, a woman (at whose house she lay) upon some suspicion sent for a Midwife, who declaring that she had had a Child, the now Prisoner at last confest it, and they found it lockt up in the Trunk as aforesaid. The Prisoner alleadged it was still-born, and upon view of the Body there did not appear the least mark of wound, bruise, or other violence used: So that thereupon, and her voluntary Confession, &amp;c. the Jury not believing that she had actually murdered the Infant, brought her in <rs id="t16770906-1-verdict3" type="verdictDescription">
                     <interp inst="t16770906-1-verdict3" type="verdictCategory" value="notGuilty"></interp>
               Not guilty
            </rs>.</p>
            </div1>