<?xml version="1.0" encoding="UTF-8"?>
<div1 type="trialAccount" id="t16810520-3">
               <interp inst="t16810520-3" type="collection" value="BAILEY"></interp>
               <interp inst="t16810520-3" type="year" value="1681"></interp>
               <interp inst="t16810520-3" type="uri" value="sessionsPapers/16810520"></interp>
               <interp inst="t16810520-3" type="date" value="16810520"></interp>
               <join result="criminalCharge" id="t16810520-3-off11-c6" targOrder="Y" targets="t16810520-3-defend6 t16810520-3-off11 t16810520-3-verdict13"></join>
         
               <p>
            
                  <persName id="t16810520-3-defend6" type="defendantName">
                  Elizabeth 
                  Messenger
               <interp inst="t16810520-3-defend6" type="surname" value="Messenger"></interp>
                     <interp inst="t16810520-3-defend6" type="given" value="Elizabeth"></interp>
                     <interp inst="t16810520-3-defend6" type="gender" value="female"></interp>
                  </persName>
            , was tryed upon an Indictment of <rs id="t16810520-3-off11" type="offenceDescription">
                     <interp inst="t16810520-3-off11" type="offenceCategory" value="kill"></interp>
                     <interp inst="t16810520-3-off11" type="offenceSubcategory" value="infanticide"></interp>
               Murther for making away her Bastard male Infant
            </rs>, the manner of which was, that the Prisoner being a <rs id="t16810520-3-deflabel12" type="occupation">Servant</rs>
                  <join result="persNameOccupation" targOrder="Y" targets="t16810520-3-defend6 t16810520-3-deflabel12"></join>, by too much Familiarity with a Fellow that promised her Marriage proved with Chid, the which she carried so close that none perceived it, and being delivered alone, she got up betimes the next Morning and hid her Child under certain Boards, in a Cellar, but being very Ill, her Mistriss suspected her, and sending for a Midwife found she had been Delivered, the which she notwithstanding denied for a good Space: But in conclusion Confessed it and shewed them where she had disposed of it, it being taken, up a small Orifice was found in the Breast on 't. So that after the Reading of the Statute of King James, made for the prevention of such Murthers she was found <rs id="t16810520-3-verdict13" type="verdictDescription">
                     <interp inst="t16810520-3-verdict13" type="verdictCategory" value="guilty"></interp>
               Guilty
            </rs> of the Murthering of the said Infant.</p>
               <p>
                  <rs id="t16810520-3-punish14" type="punishmentDescription">
                     <interp inst="t16810520-3-punish14" type="punishmentCategory" value="death"></interp>
                     <join result="defendantPunishment" targOrder="Y" targets="t16810520-3-defend6 t16810520-3-punish14"></join>
               
                     <note>[Death. See summary.]</note>
               
                  </rs>
               </p>
            </div1>