<?xml version="1.0" encoding="UTF-8"?>
<div1 type="trialAccount" id="t16880113-1">
               <interp inst="t16880113-1" type="collection" value="BAILEY"></interp>
               <interp inst="t16880113-1" type="year" value="1688"></interp>
               <interp inst="t16880113-1" type="uri" value="sessionsPapers/16880113"></interp>
               <interp inst="t16880113-1" type="date" value="16880113"></interp>
               <join result="criminalCharge" id="t16880113-1-off2-c15" targOrder="Y" targets="t16880113-1-defend15 t16880113-1-off2 t16880113-1-verdict5"></join>
         
               <p>
            
                  <persName id="t16880113-1-defend15" type="defendantName">
                  Sinah 
                  Jones
               <interp inst="t16880113-1-defend15" type="surname" value="Jones"></interp>
                     <interp inst="t16880113-1-defend15" type="given" value="Sinah"></interp>
                     <interp inst="t16880113-1-defend15" type="gender" value="female"></interp>
                  </persName>
            , of the Parish of <placeName id="t16880113-1-defloc1">St. Mary Woolnoth</placeName>
                  <interp inst="t16880113-1-defloc1" type="placeName" value="St. Mary Woolnoth"></interp>
                  <interp inst="t16880113-1-defloc1" type="type" value="defendantHome"></interp>
                  <join result="persNamePlace" targOrder="Y" targets="t16880113-1-defend15 t16880113-1-defloc1"></join>, was Indicted for <rs id="t16880113-1-off2" type="offenceDescription">
                     <interp inst="t16880113-1-off2" type="offenceCategory" value="kill"></interp>
                     <interp inst="t16880113-1-off2" type="offenceSubcategory" value="infanticide"></interp>
               Murdering her Bastard Male Child, on the <rs id="t16880113-1-cd3" type="crimeDate">Eighteenth of December</rs>
                     <join result="offenceCrimeDate" targOrder="Y" targets="t16880113-1-off2 t16880113-1-cd3"></join> last, being Saturday Night, by stopping its Breath with a Cloath put in its Mouth
            </rs>; she being a <rs id="t16880113-1-deflabel4" type="occupation">Servant</rs>
                  <join result="persNameOccupation" targOrder="Y" targets="t16880113-1-defend15 t16880113-1-deflabel4"></join> in the House of Mr. Cousins. The Evidence against her was plain, the Nurse, the Chair-woman, the Midwife, the Master and his Servant, all deposing, that she denying the Key, they broke open her Trunk, where they all saw the Child Dead, wrapped up in a Cloath, with a Rag in the Mouth of it, as big as a Handkerchief, and that the Child being something Warm, they tried all they could to recover Life in it, but to no purpose. The Prisoner said little for herself, but that she knew nothing of the Cloath in the Mouth of the Child, and that she had not her Senses; and was Light-headed. Then the Statute was read to her, wherein, If the Child be found Dead and, Concealed, though it were so Born, the Person Concealing it, shall suffer Death as in case of Murder, except she can prove by one Witness at least, that the Child so Concealed was Born Dead. Upon full Evidence, she was brought in <rs id="t16880113-1-verdict5" type="verdictDescription">
                     <interp inst="t16880113-1-verdict5" type="verdictCategory" value="guilty"></interp>
               guilty
            </rs> of Murder.</p>
               <p>
                  <rs id="t16880113-1-punish6" type="punishmentDescription">
                     <interp inst="t16880113-1-punish6" type="punishmentCategory" value="death"></interp>
                     <join result="defendantPunishment" targOrder="Y" targets="t16880113-1-defend15 t16880113-1-punish6"></join>
               
                     <note>[Death. See summary.]</note>
               
                  </rs>
               </p>
            </div1>