<?xml version="1.0" encoding="UTF-8"?>
<div1 type="trialAccount" id="t16810413-1">
               <interp inst="t16810413-1" type="collection" value="BAILEY"></interp>
               <interp inst="t16810413-1" type="year" value="1681"></interp>
               <interp inst="t16810413-1" type="uri" value="sessionsPapers/16810413"></interp>
               <interp inst="t16810413-1" type="date" value="16810413"></interp>
               <join result="criminalCharge" id="t16810413-1-off1-c5" targOrder="Y" targets="t16810413-1-defend6 t16810413-1-off1 t16810413-1-verdict4"></join>
         
               <p>
            
               
                  <persName id="t16810413-1-defend6" type="defendantName">
                     ANN 
                     Price
                  <interp inst="t16810413-1-defend6" type="surname" value="Price"></interp>
                     <interp inst="t16810413-1-defend6" type="given" value="ANN"></interp>
                     <interp inst="t16810413-1-defend6" type="gender" value="female"></interp>
                  </persName>
               
             was Arraigned and Tried for <rs id="t16810413-1-off1" type="offenceDescription">
                     <interp inst="t16810413-1-off1" type="offenceCategory" value="kill"></interp>
                     <interp inst="t16810413-1-off1" type="offenceSubcategory" value="infanticide"></interp>
               felloniously Murthering her Bastard Male-Infant
            </rs> in the Parish of <placeName id="t16810413-1-crimeloc2">St. Margaret's Westminster</placeName>
                  <interp inst="t16810413-1-crimeloc2" type="placeName" value="St. Margaret's Westminster"></interp>
                  <interp inst="t16810413-1-crimeloc2" type="type" value="crimeLocation"></interp>
                  <join result="offencePlace" targOrder="Y" targets="t16810413-1-off1 t16810413-1-crimeloc2"></join>; the circumstances thus, She having lived in the nature of a <rs id="t16810413-1-deflabel3" type="occupation">Servant</rs>
                  <join result="persNameOccupation" targOrder="Y" targets="t16810413-1-defend6 t16810413-1-deflabel3"></join> with a Gentlewoman; as she confessed, was got with Child by a Man that was her fellow Servant; and carried it so cuningly, that no Person in the house did in the least suspect her till after she was delivered, which was without help, when wraping the Child in an Apron. She locked it up in her Box; and rising betimes in the Morning, made a Fire and went to Bed again; so that her Mistris finding her out of order, began to examine the cause; whereupon supspecting what had happen'd, she got a Midwife, who upon<xptr type="pageFacsimile" doc="16810413002"></xptr>inquiry found she had been delivered; the which she stoutly denied, but at last confessed she had, the Child being still Born, and that she had locked it in her Box. where it was accordingly found, this being sworn by the Witness; her Answer was, That she finding her pains come fast upon her: knocked with her shoo, as loud as possible, but could make none hear her, by reason she lay up three pair of stairs; but the concealing of the Child, being a material Point of Evidence against her; upon the reciting the Statute, she was found <rs id="t16810413-1-verdict4" type="verdictDescription">
                     <interp inst="t16810413-1-verdict4" type="verdictCategory" value="guilty"></interp>
               guilty
            </rs> of Murther.</p>
               <p>
                  <rs id="t16810413-1-punish5" type="punishmentDescription">
                     <interp inst="t16810413-1-punish5" type="punishmentCategory" value="death"></interp>
                     <join result="defendantPunishment" targOrder="Y" targets="t16810413-1-defend6 t16810413-1-punish5"></join>
               
                     <note>[Death. See summary.]</note>
               
                  </rs>
               </p>
            </div1>