<?xml version="1.0" encoding="UTF-8"?>
<div1 type="trialAccount" id="t16870512-1">
               <interp inst="t16870512-1" type="collection" value="BAILEY"></interp>
               <interp inst="t16870512-1" type="year" value="1687"></interp>
               <interp inst="t16870512-1" type="uri" value="sessionsPapers/16870512"></interp>
               <interp inst="t16870512-1" type="date" value="16870512"></interp>
               <join result="criminalCharge" id="t16870512-1-off2-c26" targOrder="Y" targets="t16870512-1-defend27 t16870512-1-off2 t16870512-1-verdict4"></join>
         
               <p>
            
               
                  <persName id="t16870512-1-defend27" type="defendantName">
                     Ann 
                     Wood
                  <interp inst="t16870512-1-defend27" type="surname" value="Wood"></interp>
                     <interp inst="t16870512-1-defend27" type="given" value="Ann"></interp>
                     <interp inst="t16870512-1-defend27" type="gender" value="female"></interp>
                  </persName>
               
            , of the Parish of <placeName id="t16870512-1-defloc1">St. Giles's Cripple-gate</placeName>
                  <interp inst="t16870512-1-defloc1" type="placeName" value="St. Giles's Cripple-gate"></interp>
                  <interp inst="t16870512-1-defloc1" type="type" value="defendantHome"></interp>
                  <join result="persNamePlace" targOrder="Y" targets="t16870512-1-defend27 t16870512-1-defloc1"></join>, was Tryed for <rs id="t16870512-1-off2" type="offenceDescription">
                     <interp inst="t16870512-1-off2" type="offenceCategory" value="kill"></interp>
                     <interp inst="t16870512-1-off2" type="offenceSubcategory" value="infanticide"></interp>
               Murthering her Bastard Male Infant, on the <rs id="t16870512-1-cd3" type="crimeDate">25th. of April</rs>
                     <join result="offenceCrimeDate" targOrder="Y" targets="t16870512-1-off2 t16870512-1-cd3"></join> last
            </rs>, against whom, upon Tryal it appeared that she had been delivered of a Child but at twice, viz. First of the Body, and afterward of the Head; yet it being look'd upon by the Midwife, who was assistant to her, that it was an Abortive Birth, and she wanted so much of her time, that the Infant was altogether imperfect, and consequently not alive, the Jury <rs id="t16870512-1-verdict4" type="verdictDescription">
                     <interp inst="t16870512-1-verdict4" type="verdictCategory" value="notGuilty"></interp>
               Acquitted
            </rs> her.</p>
            </div1>