<?xml version="1.0" encoding="UTF-8"?>
<div1 type="trialAccount" id="t16891211-26">
               <interp inst="t16891211-26" type="collection" value="BAILEY"></interp>
               <interp inst="t16891211-26" type="year" value="1689"></interp>
               <interp inst="t16891211-26" type="uri" value="sessionsPapers/16891211"></interp>
               <interp inst="t16891211-26" type="date" value="16891211"></interp>
               <join result="criminalCharge" id="t16891211-26-off115-c86" targOrder="Y" targets="t16891211-26-defend125 t16891211-26-off115 t16891211-26-verdict117"></join>
         
               <p>
            
               
                  <persName id="t16891211-26-defend125" type="defendantName">
                     Mary 
                     Campion
                  <interp inst="t16891211-26-defend125" type="surname" value="Campion"></interp>
                     <interp inst="t16891211-26-defend125" type="given" value="Mary"></interp>
                     <interp inst="t16891211-26-defend125" type="gender" value="female"></interp>
                  </persName>
               
             was Indicted for <rs id="t16891211-26-off115" type="offenceDescription">
                     <interp inst="t16891211-26-off115" type="offenceCategory" value="kill"></interp>
                     <interp inst="t16891211-26-off115" type="offenceSubcategory" value="infanticide"></interp>
               smothering her Female Infant Bastard Child
            </rs>, on the <rs id="t16891211-26-cd116" type="crimeDate">first of Decemb.</rs>
                  <join result="offenceCrimeDate" targOrder="Y" targets="t16891211-26-off115 t16891211-26-cd116"></join> The Evidence deposed, that the Child was found Dead in a Box under the Prisoners Bed, and that she owned it to be hers: and the Child was full grown, and no appearance of hurt was seen on the Child, as was Evidenced by the Midwife. The Prisoner said, that she was not near her time; and no proof was made that the Child was Born alive; and she being found to make good Provision for the Child against the Birth, she was deemed to be out of the Statute, so she was <rs id="t16891211-26-verdict117" type="verdictDescription">
                     <interp inst="t16891211-26-verdict117" type="verdictCategory" value="notGuilty"></interp>
               Acquitted
            </rs>.</p>
            </div1>