<?xml version="1.0" encoding="UTF-8"?>
<div1 type="trialAccount" id="t16870512-18">
               <interp inst="t16870512-18" type="collection" value="BAILEY"></interp>
               <interp inst="t16870512-18" type="year" value="1687"></interp>
               <interp inst="t16870512-18" type="uri" value="sessionsPapers/16870512"></interp>
               <interp inst="t16870512-18" type="date" value="16870512"></interp>
               <join result="criminalCharge" id="t16870512-18-off88-c68" targOrder="Y" targets="t16870512-18-defend91 t16870512-18-off88 t16870512-18-verdict90"></join>
         
               <p>
            
                  <persName id="t16870512-18-defend91" type="defendantName">
                  M - 
                  S -
               <interp inst="t16870512-18-defend91" type="surname" value="S -"></interp>
                     <interp inst="t16870512-18-defend91" type="given" value="M -"></interp>
                     <interp inst="t16870512-18-defend91" type="gender" value="female"></interp>
                  </persName>
             took her Tryal for <rs id="t16870512-18-off88" type="offenceDescription">
                     <interp inst="t16870512-18-off88" type="offenceCategory" value="kill"></interp>
                     <interp inst="t16870512-18-off88" type="offenceSubcategory" value="infanticide"></interp>
               Murthering her Male Bastard Infant, on the <rs id="t16870512-18-cd89" type="crimeDate">26th. of April</rs>
                     <join result="offenceCrimeDate" targOrder="Y" targets="t16870512-18-off88 t16870512-18-cd89"></join> last
            </rs>; the proof was, that she had had a Child which was found dead in her Chamber; yet she not attempting to conceal it, but on the contrary had been to bespeak a Midwife, at whose house she intended as she said to Lye in, and nothing appearing to the contrary but that it might be Born Dead, she was <rs id="t16870512-18-verdict90" type="verdictDescription">
                     <interp inst="t16870512-18-verdict90" type="verdictCategory" value="notGuilty"></interp>
               Acquitted
            </rs>.</p>
            </div1>