<?xml version="1.0" encoding="UTF-8"?>
<div1 type="trialAccount" id="t16960227-18">
               <interp inst="t16960227-18" type="collection" value="BAILEY"></interp>
               <interp inst="t16960227-18" type="year" value="1696"></interp>
               <interp inst="t16960227-18" type="uri" value="sessionsPapers/16960227"></interp>
               <interp inst="t16960227-18" type="date" value="16960227"></interp>
               <join result="criminalCharge" id="t16960227-18-off95-c66" targOrder="Y" targets="t16960227-18-defend66 t16960227-18-off95 t16960227-18-verdict97"></join>
         
               <p>
            
                  <persName id="t16960227-18-defend66" type="defendantName">
                  M - 
                  S -
               <interp inst="t16960227-18-defend66" type="surname" value="S -"></interp>
                     <interp inst="t16960227-18-defend66" type="given" value="M -"></interp>
                     <interp inst="t16960227-18-defend66" type="gender" value="female"></interp>
                  </persName>
             of the Parish of <placeName id="t16960227-18-defloc94">Saint Giles's in the Fields</placeName>
                  <interp inst="t16960227-18-defloc94" type="placeName" value="Saint Giles's in the Fields"></interp>
                  <interp inst="t16960227-18-defloc94" type="type" value="defendantHome"></interp>
                  <join result="persNamePlace" targOrder="Y" targets="t16960227-18-defend66 t16960227-18-defloc94"></join>, was indicted for <rs id="t16960227-18-off95" type="offenceDescription">
                     <interp inst="t16960227-18-off95" type="offenceCategory" value="kill"></interp>
                     <interp inst="t16960227-18-off95" type="offenceSubcategory" value="infanticide"></interp>
               murthering her Female Infant Bastard on the <rs id="t16960227-18-cd96" type="crimeDate">29th of December</rs>
                     <join result="offenceCrimeDate" targOrder="Y" targets="t16960227-18-off95 t16960227-18-cd96"></join> last, by putting it into a Trunk, whereby it was smothered
            </rs>. It appeared that she was brought to bed on a Sunday morning and complained that she was very ill, and her Mistress and some women more came to her, and charged her with it, which she denied at first, but finding Milk in her Breast, she was very unwilling to own it, but confessed at last where it was. When the Statute was read, she confessed that she was not married, and that when she was delivered, she cried out, and that she was in a great Trance, and did believe that the Child was dead born; her Master and Mistress said that they had heard something of it, but could not believe it till she was brought to bed; the Prisoner likewise declared that she had taken care to get a Midwife and a Nurse to look after her, when she should come from her Master, which she did expect would be in a little time after, she having given her Master warning to be gone; the Jury considering the same, found her <rs id="t16960227-18-verdict97" type="verdictDescription">
                     <interp inst="t16960227-18-verdict97" type="verdictCategory" value="notGuilty"></interp>
               not guilty
            </rs>.</p>
            </div1>