<?xml version="1.0" encoding="UTF-8"?>
<div1 type="trialAccount" id="t16960909-37">
               <interp inst="t16960909-37" type="collection" value="BAILEY"></interp>
               <interp inst="t16960909-37" type="year" value="1696"></interp>
               <interp inst="t16960909-37" type="uri" value="sessionsPapers/16960909"></interp>
               <interp inst="t16960909-37" type="date" value="16960909"></interp>
               <join result="criminalCharge" id="t16960909-37-off194-c127" targOrder="Y" targets="t16960909-37-defend127 t16960909-37-off194 t16960909-37-verdict196"></join>
         
               <p>
            
                  <persName id="t16960909-37-defend127" type="defendantName">
                  Margaret 
                  Price
               <interp inst="t16960909-37-defend127" type="surname" value="Price"></interp>
                     <interp inst="t16960909-37-defend127" type="given" value="Margaret"></interp>
                     <interp inst="t16960909-37-defend127" type="gender" value="female"></interp>
                  </persName>
             of the Parish of <placeName id="t16960909-37-defloc193">Istleworth</placeName>
                  <interp inst="t16960909-37-defloc193" type="placeName" value="Istleworth"></interp>
                  <interp inst="t16960909-37-defloc193" type="type" value="defendantHome"></interp>
                  <join result="persNamePlace" targOrder="Y" targets="t16960909-37-defend127 t16960909-37-defloc193"></join>, was Indicted for <rs id="t16960909-37-off194" type="offenceDescription">
                     <interp inst="t16960909-37-off194" type="offenceCategory" value="kill"></interp>
                     <interp inst="t16960909-37-off194" type="offenceSubcategory" value="infanticide"></interp>
               the Murther of her Female Bastard Child
            </rs>, on the <rs id="t16960909-37-cd195" type="crimeDate">first of July</rs>
                  <join result="offenceCrimeDate" targOrder="Y" targets="t16960909-37-off194 t16960909-37-cd195"></join> last. It appeared that the Churchwardens of the Parish suspecting that she was with Child, she lately having a great Belly, seemed as if she had lost it, they sent their Beadle and a Midwife to search her; the Midwife taking some Women with her went to her, and she confessed that she had miscarried, and had thrown it into a Cart-rutt. But it was further observed that she was so far gone, that it could not be put there; they searched about, and in the Garden, under a little Dunghil, they found the Child hid, which they did think was at its full time. The Prisoner could not deny the Fact, but said that it was born dead, she having hurt her self, and that she did cry, out when she was delivered, but could not prove it. The Jury found her <rs id="t16960909-37-verdict196" type="verdictDescription">
                     <interp inst="t16960909-37-verdict196" type="verdictCategory" value="guilty"></interp>
               guilty
            </rs> of Murther.</p>
               <p>
                  <rs id="t16960909-37-punish197" type="punishmentDescription">
                     <interp inst="t16960909-37-punish197" type="punishmentCategory" value="death"></interp>
                     <interp inst="t16960909-37-punish197" type="punishmentSubcategory" value="respitedForPregnancy"></interp>
                     <join result="defendantPunishment" targOrder="Y" targets="t16960909-37-defend127 t16960909-37-punish197"></join>
               
                     <note>[Death -respited for pregnancy. See summary.]</note>
               
                  </rs>
               </p>
            </div1>