<?xml version="1.0" encoding="UTF-8"?>
<div1 type="trialAccount" id="t16961209-83">
               <interp inst="t16961209-83" type="collection" value="BAILEY"></interp>
               <interp inst="t16961209-83" type="year" value="1696"></interp>
               <interp inst="t16961209-83" type="uri" value="sessionsPapers/16961209"></interp>
               <interp inst="t16961209-83" type="date" value="16961209"></interp>
               <join result="criminalCharge" id="t16961209-83-off467-c222" targOrder="Y" targets="t16961209-83-defend222 t16961209-83-off467 t16961209-83-verdict469"></join>
         
               <p>
            
                  <persName id="t16961209-83-defend222" type="defendantName">
                  Mary 
                  Ingerley
               <interp inst="t16961209-83-defend222" type="surname" value="Ingerley"></interp>
                     <interp inst="t16961209-83-defend222" type="given" value="Mary"></interp>
                     <interp inst="t16961209-83-defend222" type="gender" value="female"></interp>
                  </persName>
             of the Parish of <placeName id="t16961209-83-defloc466">St. Giles's in the Fields</placeName>
                  <interp inst="t16961209-83-defloc466" type="placeName" value="St. Giles's in the Fields"></interp>
                  <interp inst="t16961209-83-defloc466" type="type" value="defendantHome"></interp>
                  <join result="persNamePlace" targOrder="Y" targets="t16961209-83-defend222 t16961209-83-defloc466"></join>, was Indicted for the <rs id="t16961209-83-off467" type="offenceDescription">
                     <interp inst="t16961209-83-off467" type="offenceCategory" value="kill"></interp>
                     <interp inst="t16961209-83-off467" type="offenceSubcategory" value="infanticide"></interp>
               Murder of her Male Bastard Infant
            </rs>, on the <rs id="t16961209-83-cd468" type="crimeDate">9th of October</rs>
                  <join result="offenceCrimeDate" targOrder="Y" targets="t16961209-83-off467 t16961209-83-cd468"></join> last. The Prisoner declared that she had a Husband, and that the Child was no Bastard. She called the Midwife, who declared that she did think that the Child was dead Born, by reason that the Skin was torn. The Jury <rs id="t16961209-83-verdict469" type="verdictDescription">
                     <interp inst="t16961209-83-verdict469" type="verdictCategory" value="notGuilty"></interp>
               acquitted
            </rs> her.</p>
            </div1>