<?xml version="1.0" encoding="UTF-8"?>
<div1 type="trialAccount" id="t16970707-5">
               <interp inst="t16970707-5" type="collection" value="BAILEY"></interp>
               <interp inst="t16970707-5" type="year" value="1697"></interp>
               <interp inst="t16970707-5" type="uri" value="sessionsPapers/16970707"></interp>
               <interp inst="t16970707-5" type="date" value="16970707"></interp>
               <join result="criminalCharge" id="t16970707-5-off24-c36" targOrder="Y" targets="t16970707-5-defend36 t16970707-5-off24 t16970707-5-verdict27"></join>
         
               <p>
            
                  <persName id="t16970707-5-defend36" type="defendantName">
                  Elinor 
                  Hunt
               <interp inst="t16970707-5-defend36" type="surname" value="Hunt"></interp>
                     <interp inst="t16970707-5-defend36" type="given" value="Elinor"></interp>
                     <interp inst="t16970707-5-defend36" type="gender" value="female"></interp>
                  </persName>
             was indicted for the <rs id="t16970707-5-off24" type="offenceDescription">
                     <interp inst="t16970707-5-off24" type="offenceCategory" value="kill"></interp>
                     <interp inst="t16970707-5-off24" type="offenceSubcategory" value="infanticide"></interp>
               Murther of her Female Infant Bastard on the <rs id="t16970707-5-cd25" type="crimeDate">24th of June</rs>
                     <join result="offenceCrimeDate" targOrder="Y" targets="t16970707-5-off24 t16970707-5-cd25"></join> last, by throwing the same into a House of Office, by which means it was choaked
            </rs>. It appeared that the Prisoner was a <rs id="t16970707-5-deflabel26" type="occupation">Servant</rs>
                  <join result="persNameOccupation" targOrder="Y" targets="t16970707-5-defend36 t16970707-5-deflabel26"></join> at Bosomes Inn; one of the Evidence said that she was afraid that she had left some of her Goods, and went up Stairs, where she saw some signs which made her to mistrust her; there was another Evidence that said that she did lie with her, and she complained that she was not well, and about Three a Clock in the Morning she went down to the Vault, and when she came up, she went to Bed; after some time that she was mistrusted, they searcht and in the House of Office they found the Child, then they sent for a Midwife, who examined her about it, and she confest the matter to her: The Prisoner said that the Child was Stilborn, and that she had Eight Weeks to go of her time, and had no design to murther it. The Jury having considered the matter, found her <rs id="t16970707-5-verdict27" type="verdictDescription">
                     <interp inst="t16970707-5-verdict27" type="verdictCategory" value="guilty"></interp>
               guilty
            </rs>.</p>
               <p>
                  <rs id="t16970707-5-punish28" type="punishmentDescription">
                     <interp inst="t16970707-5-punish28" type="punishmentCategory" value="death"></interp>
                     <join result="defendantPunishment" targOrder="Y" targets="t16970707-5-defend36 t16970707-5-punish28"></join>
               
                     <note>[Death. See summary.]</note>
               
                  </rs>
               </p>
            </div1>