<?xml version="1.0" encoding="UTF-8"?>
<div1 type="trialAccount" id="t17020114-7">
               <interp inst="t17020114-7" type="collection" value="BAILEY"></interp>
               <interp inst="t17020114-7" type="year" value="1702"></interp>
               <interp inst="t17020114-7" type="uri" value="sessionsPapers/17020114"></interp>
               <interp inst="t17020114-7" type="date" value="17020114"></interp>
               <join result="criminalCharge" id="t17020114-7-off35-c41" targOrder="Y" targets="t17020114-7-defend41 t17020114-7-off35 t17020114-7-verdict38"></join>
         
               <p>
            
                  <persName id="t17020114-7-defend41" type="defendantName">
                  Christian 
                  Russel
               <interp inst="t17020114-7-defend41" type="surname" value="Russel"></interp>
                     <interp inst="t17020114-7-defend41" type="given" value="Christian"></interp>
                     <interp inst="t17020114-7-defend41" type="gender" value="female"></interp>
                  </persName>
            , of the Parish of <placeName id="t17020114-7-defloc34">St. Pauls Covent Garden</placeName>
                  <interp inst="t17020114-7-defloc34" type="placeName" value="St. Pauls Covent Garden"></interp>
                  <interp inst="t17020114-7-defloc34" type="type" value="defendantHome"></interp>
                  <join result="persNamePlace" targOrder="Y" targets="t17020114-7-defend41 t17020114-7-defloc34"></join>, was indicted for the <rs id="t17020114-7-off35" type="offenceDescription">
                     <interp inst="t17020114-7-off35" type="offenceCategory" value="kill"></interp>
                     <interp inst="t17020114-7-off35" type="offenceSubcategory" value="infanticide"></interp>
               Murther of her Male Infant Bastard, on the <rs id="t17020114-7-cd36" type="crimeDate">19th of December</rs>
                     <join result="offenceCrimeDate" targOrder="Y" targets="t17020114-7-off35 t17020114-7-cd36"></join> last, by throwing the same into a House of Office
            </rs>. The first Evidence was her Mistress, who deposed, That the Prisoner was a <rs id="t17020114-7-deflabel37" type="occupation">Servant</rs>
                  <join result="persNameOccupation" targOrder="Y" targets="t17020114-7-defend41 t17020114-7-deflabel37"></join> in the House, and in the Morning, it being the Fast-day, she came down and sat by the Kitchen-fire, and told her Mistress she was not well, upon which, she bid her go up Stairs, which she did; about 2 a Clock she came to see her again, and then she said that she was something better, upon which, she askt her to hire a Chare-woman for that Day, (which she did) and said, that she did hope to be better the next Day to do her work her self; a while after she did mistrust that she had had a Child, and askt her if she was married, and she answered No, then she said, What have you done with the Child; and she confest that it was in the House of Office. She farther deposed, That when she saw the Child the next Day, that the Arm of it was broke; and did believe that it was come to its full time. The next Evidence was the Chare-woman, who said, That she took the Child out of the Vault, and when she found it, there was two pieces of Brickbats lay upon the Breast of it. The Midwife also deposed, That it was very likely that the Child was alive Born, by reason it was a very large Child, and came to its full time; and said, she found no Marks about it, only that the Arm was broke. The Prisoner called a Witness to prove that she had provided Things for a Lying-in, which she sent to her Sisters, where they were found after she was delivered: She also said, That she had a great Fall about a Fortnight before, which hurt her very much, and that she never felt the Child to stir afterwards, but she could not prove that ever she had made any one acquainted with her Condition. The Jury found her <rs id="t17020114-7-verdict38" type="verdictDescription">
                     <interp inst="t17020114-7-verdict38" type="verdictCategory" value="guilty"></interp>
               guilty
            </rs>.</p>
               <p>
                  <rs id="t17020114-7-punish39" type="punishmentDescription">
                     <interp inst="t17020114-7-punish39" type="punishmentCategory" value="death"></interp>
                     <join result="defendantPunishment" targOrder="Y" targets="t17020114-7-defend41 t17020114-7-punish39"></join>
               
                     <note>[Death. See summary.]</note>
               
                  </rs>
               </p>
            </div1>