<?xml version="1.0" encoding="UTF-8"?>
<div1 type="trialAccount" id="t17040308-35">
               <interp inst="t17040308-35" type="collection" value="BAILEY"></interp>
               <interp inst="t17040308-35" type="year" value="1704"></interp>
               <interp inst="t17040308-35" type="uri" value="sessionsPapers/17040308"></interp>
               <interp inst="t17040308-35" type="date" value="17040308"></interp>
               <join result="criminalCharge" id="t17040308-35-off155-c106" targOrder="Y" targets="t17040308-35-defend106 t17040308-35-off155 "></join>
         
               <p>
            
                  <persName id="t17040308-35-defend106" type="defendantName">
                  Jane 
                  Lyne
               <interp inst="t17040308-35-defend106" type="surname" value="Lyne"></interp>
                     <interp inst="t17040308-35-defend106" type="given" value="Jane"></interp>
                     <interp inst="t17040308-35-defend106" type="gender" value="female"></interp>
                  </persName>
            , of the Parish of <placeName id="t17040308-35-defloc154">St. Michael Basishaw</placeName>
                  <interp inst="t17040308-35-defloc154" type="placeName" value="St. Michael Basishaw"></interp>
                  <interp inst="t17040308-35-defloc154" type="type" value="defendantHome"></interp>
                  <join result="persNamePlace" targOrder="Y" targets="t17040308-35-defend106 t17040308-35-defloc154"></join>, was indicted for the <rs id="t17040308-35-off155" type="offenceDescription">
                     <interp inst="t17040308-35-off155" type="offenceCategory" value="kill"></interp>
                     <interp inst="t17040308-35-off155" type="offenceSubcategory" value="infanticide"></interp>
               Murther of her Male Infant Bastard, by throwing it into an House of Office, whereby it was strangled, on the <rs id="t17040308-35-cd156" type="crimeDate">20th of February</rs>
                     <join result="offenceCrimeDate" targOrder="Y" targets="t17040308-35-off155 t17040308-35-cd156"></join> last
            </rs>. The first Evidence deposed, That the Prisoner lodged in the House, and perceiving that she was with-Child, askt her if she was a Wife, or a Widow, by reason she looked so big? and whether she was with-Child? And she replyed, No; and told her, that she was troubled with a Timpany and Dropsie. Some time after the Prisoner made an inquiry whether the Vault run into the Common-Shore? saying, it was never emptied. After that, she had occasion to wash some Things, upon which she perceived her to be very Lank, and told her Husband, who mistrusting her about her Words about the Vault, searched, and found the Child wrapt up in a Cloath, and put into a Lining of his Sleeve: After that he sent for a Constable, who carried her that Night to the Compter, and the next Day being brought before the Justice, owned that she had a Child, but was in an Error, and did not kill it, for it was Still-born. There was other Evidences, who deposed, That they did discover something of such Matters when she washt her Linnen; and also in the room where she lay, there was other symptoms discovered, as if she had been delivered there: And other Evidences, who also said, That she had Milk in great abundance in her Breast: And a Midwife declared <note>[Pages missing in original.]</note>
               </p>
            </div1>