<?xml version="1.0" encoding="UTF-8"?>
<div1 type="trialAccount" id="t17120111-9">
               <interp inst="t17120111-9" type="collection" value="BAILEY"></interp>
               <interp inst="t17120111-9" type="year" value="1712"></interp>
               <interp inst="t17120111-9" type="uri" value="sessionsPapers/17120111"></interp>
               <interp inst="t17120111-9" type="date" value="17120111"></interp>
               <join result="criminalCharge" id="t17120111-9-off36-c44" targOrder="Y" targets="t17120111-9-defend59 t17120111-9-off36 t17120111-9-verdict37"></join>
         
               <p>
            
               
                  <persName id="t17120111-9-defend59" type="defendantName">
                     Anne 
                     Nichols
                  <interp inst="t17120111-9-defend59" type="surname" value="Nichols"></interp>
                     <interp inst="t17120111-9-defend59" type="given" value="Anne"></interp>
                     <interp inst="t17120111-9-defend59" type="gender" value="female"></interp>
                  </persName>
               
             was indicted for <rs id="t17120111-9-off36" type="offenceDescription">
                     <interp inst="t17120111-9-off36" type="offenceCategory" value="kill"></interp>
                     <interp inst="t17120111-9-off36" type="offenceSubcategory" value="infanticide"></interp>
               Murder, and upon the Coroner's Inquest for murdering her Female Bastard Child
            </rs>, on the 5th instant. The Evidence was her Mistress, a Midwife, who depos'd, That on the Dry aforesaid Nichols being up earlier than usual, she coming into the Kitchen, saw an Alteration in her face, and having a Suspicion, felt her Breasts, and told her she was sure she had been newly deliver'd of a Child; which the Prisoner immediately confess'd, and said the Child was in a Box in her Chamber, where it was found. The Child was at its full growth; but her Mistress, with another Midwife who was Evidence, gave some Reasons why in their Judgment the Child was stillborn; nor did there appear any Marks of Violence. The Prisoner said, When her Pains came upon her, she got out of Bed, but fell into a Swoon, and was not able to call for Help; and it appearing she had made some Provision for her Bying-in, the Jury <rs id="t17120111-9-verdict37" type="verdictDescription">
                     <interp inst="t17120111-9-verdict37" type="verdictCategory" value="notGuilty"></interp>
               acquitted
            </rs> her.</p>
            </div1>