<?xml version="1.0" encoding="UTF-8"?>
<div1 type="trialAccount" id="t17140630-38">
               <interp inst="t17140630-38" type="collection" value="BAILEY"></interp>
               <interp inst="t17140630-38" type="year" value="1714"></interp>
               <interp inst="t17140630-38" type="uri" value="sessionsPapers/17140630"></interp>
               <interp inst="t17140630-38" type="date" value="17140630"></interp>
               <join result="criminalCharge" id="t17140630-38-off202-c125" targOrder="Y" targets="t17140630-38-defend125 t17140630-38-off202 t17140630-38-verdict204"></join>
         
               <p>
            
                  <persName id="t17140630-38-defend125" type="defendantName">
                  Mary 
                  Tate
               <interp inst="t17140630-38-defend125" type="surname" value="Tate"></interp>
                     <interp inst="t17140630-38-defend125" type="given" value="Mary"></interp>
                     <interp inst="t17140630-38-defend125" type="gender" value="female"></interp>
                  </persName>
             of the Parish of <placeName id="t17140630-38-defloc201">St. Martin in the Fields</placeName>
                  <interp inst="t17140630-38-defloc201" type="placeName" value="St. Martin in the Fields"></interp>
                  <interp inst="t17140630-38-defloc201" type="type" value="defendantHome"></interp>
                  <join result="persNamePlace" targOrder="Y" targets="t17140630-38-defend125 t17140630-38-defloc201"></join>, was indicted for the <rs id="t17140630-38-off202" type="offenceDescription">
                     <interp inst="t17140630-38-off202" type="offenceCategory" value="kill"></interp>
                     <interp inst="t17140630-38-off202" type="offenceSubcategory" value="infanticide"></interp>
               Murder of her Male Bastard Child
            </rs>, on the <rs id="t17140630-38-cd203" type="crimeDate">12th of May</rs>
                  <join result="offenceCrimeDate" targOrder="Y" targets="t17140630-38-off202 t17140630-38-cd203"></join> last. It appear'd by the Evidence, That she was found lying the Fields in a languishing Condition, and being taken care of by the Parish-Officers, she told them she had been deliver'd of Child, and had rapt it in Straw, and left it by a Pond-side, being robb'd of the Cloaths she had provided for it, as she came from Cirencester in Gloucstershire, whereupon a midwife being sent for, to examine the Matter, found she had been deliver'd. the Prisoner being afterwards remov'd to the Round house, pretended to go and shew the Place where she had left her child; and when she came to a Brick kiln near Tyburn Road, told the Woman who went along with her, that after she had put her Child in Straw, she thrust it into the hole of the Kiln while it was burning. She deny'd all at her Tryal, and talk'd very ramblingly; and several Winesses appearing, who gave an Account that she had been look'd upon as a <rs id="t17140630-38-verdict204" type="verdictDescription">
                     <interp inst="t17140630-38-verdict204" type="verdictCategory" value="notGuilty"></interp>
                     <interp inst="t17140630-38-verdict204" type="verdictSubcategory" value="nonComposMentis"></interp>
               Person not well in her Senses for some Years, she was acquitted
            </rs>.</p>
            </div1>