<?xml version="1.0" encoding="UTF-8"?>
<div1 type="trialAccount" id="t17181205-1">
               <interp inst="t17181205-1" type="collection" value="BAILEY"></interp>
               <interp inst="t17181205-1" type="year" value="1718"></interp>
               <interp inst="t17181205-1" type="uri" value="sessionsPapers/17181205"></interp>
               <interp inst="t17181205-1" type="date" value="17181205"></interp>
               <join result="criminalCharge" id="t17181205-1-off3-c29" targOrder="Y" targets="t17181205-1-defend30 t17181205-1-off3 t17181205-1-verdict5"></join>
         
               <p>
            
               
                  <persName id="t17181205-1-defend30" type="defendantName">
                     Anne 
                     Buncher 
                  <interp inst="t17181205-1-defend30" type="surname" value="Buncher"></interp>
                     <interp inst="t17181205-1-defend30" type="given" value="Anne"></interp>
                     <interp inst="t17181205-1-defend30" type="gender" value="female"></interp>
                  </persName>
               
             , of <placeName id="t17181205-1-defloc1">
                     <placeName id="t17181205-1-crimeloc2">St. Giles's Cripplegate</placeName>
                     <interp inst="t17181205-1-crimeloc2" type="placeName" value="St. Giles's Cripplegate"></interp>
                     <interp inst="t17181205-1-crimeloc2" type="type" value="crimeLocation"></interp>
                     <join result="offencePlace" targOrder="Y" targets="t17181205-1-off3 t17181205-1-crimeloc2"></join>
                  </placeName>
                  <interp inst="t17181205-1-defloc1" type="placeName" value="St. Giles's Cripplegate"></interp>
                  <interp inst="t17181205-1-defloc1" type="type" value="defendantHome"></interp>
                  <join result="persNamePlace" targOrder="Y" targets="t17181205-1-defend30 t17181205-1-defloc1"></join>, was indicted for the <rs id="t17181205-1-off3" type="offenceDescription">
                     <interp inst="t17181205-1-off3" type="offenceCategory" value="kill"></interp>
                     <interp inst="t17181205-1-off3" type="offenceSubcategory" value="infanticide"></interp>
               Murther of her Female Bastard Infant, by throwing it into a House of Office
            </rs>, the <rs id="t17181205-1-cd4" type="crimeDate">26th of, October</rs>
                  <join result="offenceCrimeDate" targOrder="Y" targets="t17181205-1-off3 t17181205-1-cd4"></join> last, Mrs. Taylor her Mistress deposed, that on Sunday the 26th of October, the Prisoner complain'd that she was not well, and had the Gripes,&amp;c. but did help her make the Bed, and she afterwards went out to Church leaving her to dress Dinner, that coming from Church she told her she was so ill she could not take up Dinner, that she thereupon went up to lye down on the Bed, and she took the Dinner up her self, and sent the Boy up to her with some hot Ale, but all this while suspected nothing of her being deliver'd of a Child; that the Boy brought her word down that she was something better, and that after Dinner the Prisoner came down to fetch a Mop, saying she had been very ill and had vomited, and wanted the Mop to wipe it up, that at Night the Boy going to the Vault brought her word he saw something uncommon in the Vault, whereupon she sent away for a Midwife to examine her, and a Night Man, who took the Child out of the Vault: This was also confirm'd by 
               <persName id="t17181205-1-person31">
                  Thomas 
                  Pool 
               <interp inst="t17181205-1-person31" type="surname" value="Pool"></interp>
                     <interp inst="t17181205-1-person31" type="given" value="Thomas"></interp>
                     <interp inst="t17181205-1-person31" type="gender" value="male"></interp>
                  </persName>
             the Apprentice; the Midwife deposed that she being sent for examin'd her, and finding she had been deliver'd of a Child charged her with it, which tho' she at first deny'd, yet soon after own'd, and that she had put it into the Vault, that the Child she did believe was at its full time, nor did there any marks of Violence or Hurt appear upon it. Another Evidence deposed, that she asking her who was the Father, and how it was got, the Prisoner told her that she going up to make a Lodgers Bed in the place where she had liv'd before, he laid her on the Bed and did there get it, that he was since run away, and the People of the House her Master and Mistress were remov'd above 100 Miles off. She owned that she did put it into the Vault, but did not know whether it was alive or not, that she had it in her Apron to have carryed down when the Boy came up to her with the Drink, but put it away and did not then do it, till she had another opportunity. The Prisoner in her defence pleaded that she had had a fall about a Fortnight before, and had not felt the Child stir within her since that time, and that it was still born, upon the whole the Jury <rs id="t17181205-1-verdict5" type="verdictDescription">
                     <interp inst="t17181205-1-verdict5" type="verdictCategory" value="notGuilty"></interp>
               acquitted
            </rs> her.</p>
            </div1>