<?xml version="1.0" encoding="UTF-8"?>
<div1 type="trialAccount" id="t17181015-16">
               <interp inst="t17181015-16" type="collection" value="BAILEY"></interp>
               <interp inst="t17181015-16" type="year" value="1718"></interp>
               <interp inst="t17181015-16" type="uri" value="sessionsPapers/17181015"></interp>
               <interp inst="t17181015-16" type="date" value="17181015"></interp>
               <join result="criminalCharge" id="t17181015-16-off80-c68" targOrder="Y" targets="t17181015-16-defend102 t17181015-16-off80 t17181015-16-verdict82"></join>
         
               <p>
            
               
                  <persName id="t17181015-16-defend102" type="defendantName">
                     Francis 
                     Bolanson 
                  <interp inst="t17181015-16-defend102" type="surname" value="Bolanson"></interp>
                     <interp inst="t17181015-16-defend102" type="given" value="Francis"></interp>
                     <interp inst="t17181015-16-defend102" type="gender" value="male"></interp>
                  </persName>
               
             , of <placeName id="t17181015-16-defloc79">St. Andrews Holbourn</placeName>
                  <interp inst="t17181015-16-defloc79" type="placeName" value="St. Andrews Holbourn"></interp>
                  <interp inst="t17181015-16-defloc79" type="type" value="defendantHome"></interp>
                  <join result="persNamePlace" targOrder="Y" targets="t17181015-16-defend102 t17181015-16-defloc79"></join>, was indicted for the <rs id="t17181015-16-off80" type="offenceDescription">
                     <interp inst="t17181015-16-off80" type="offenceCategory" value="kill"></interp>
                     <interp inst="t17181015-16-off80" type="offenceSubcategory" value="infanticide"></interp>
               Murther of her Male Bastard Child, by throwing it into a House of Office
            </rs>, the <rs id="t17181015-16-cd81" type="crimeDate">14th of August</rs>
                  <join result="offenceCrimeDate" targOrder="Y" targets="t17181015-16-off80 t17181015-16-cd81"></join> last. It appear'd by the Evidence, that the Prisoner being suspected to have been deliver'd of a Child, was search'd by a Midwife, to whom she own'd it, and told what she had done with it; and it was found in a Vault as she had directed. But nothing could be seen on it whether it had been hurt or not, nor whether it came at its fulltime, it having lay'n there 5 or 6 Weeks. The Prisoner in her Defence pleaded that she having been very much affrighted at the extraordinary Thunder and Lightning, fell very Ill of a Feaver and Measles, and that her Fright and Illness she did believe occasion'd the Death of the Child within her; for she did not feel it stir for some considerable time before its Birth, and that she came 6 Weeks before her time, it being Still-born, and in the time of her Illness; she brought Evidences to prove her Illness, and also that she had made Provision for the Child; upon which the Jury <rs id="t17181015-16-verdict82" type="verdictDescription">
                     <interp inst="t17181015-16-verdict82" type="verdictCategory" value="notGuilty"></interp>
               acquitted
            </rs> her.</p>
            </div1>