<?xml version="1.0" encoding="UTF-8"?>
<div1 type="trialAccount" id="t17180709-5">
               <interp inst="t17180709-5" type="collection" value="BAILEY"></interp>
               <interp inst="t17180709-5" type="year" value="1718"></interp>
               <interp inst="t17180709-5" type="uri" value="sessionsPapers/17180709"></interp>
               <interp inst="t17180709-5" type="date" value="17180709"></interp>
               <join result="criminalCharge" id="t17180709-5-off25-c54" targOrder="Y" targets="t17180709-5-defend64 t17180709-5-off25 t17180709-5-verdict27"></join>
         
               <p>
            
               
                  <persName id="t17180709-5-defend64" type="defendantName">
                     Jane 
                     Plintoff 
                  <interp inst="t17180709-5-defend64" type="surname" value="Plintoff"></interp>
                     <interp inst="t17180709-5-defend64" type="given" value="Jane"></interp>
                     <interp inst="t17180709-5-defend64" type="gender" value="female"></interp>
                  </persName>
               
            , was indicted for the <rs id="t17180709-5-off25" type="offenceDescription">
                     <interp inst="t17180709-5-off25" type="offenceCategory" value="kill"></interp>
                     <interp inst="t17180709-5-off25" type="offenceSubcategory" value="infanticide"></interp>
               Murder of her Male Bastard Infant
            </rs> the <rs id="t17180709-5-cd26" type="crimeDate">29th of March</rs>
                  <join result="offenceCrimeDate" targOrder="Y" targets="t17180709-5-off25 t17180709-5-cd26"></join> last. 
               <persName id="t17180709-5-person65">
                  Mary 
                  Humphreys 
               <interp inst="t17180709-5-person65" type="surname" value="Humphreys"></interp>
                     <interp inst="t17180709-5-person65" type="given" value="Mary"></interp>
                     <interp inst="t17180709-5-person65" type="gender" value="female"></interp>
                  </persName>
             deposed that the Prisoner lodg'd in her House, and did acknowledge her self to be with Child, and that she was 3 Months gone; that about the time aforesaid she complain'd she was ill , and she and some others suspecting she had been deliver'd taxed her with it; but she denyed it, and whereas some of the Neighbours suspected she had put it, into the Vault; telling her of it, the Prisoner reply'd, there was no more a Child in the Vault than she was in it. Other Evidences depos'd to the same purpose, so the Matter lay undiscovered till the 2d Day of May, when the House of Office being emptying, the Child was taken up in the second Bucket, with the Skull broke, which was suppos'd was done by the Bucket. Mrs. Beecham, a Midwife, deposed, that as far as she could see, to the belt of her Judgment the Child did appear to be at its full Time; but it was so wasted by lying so long in the Vault, she could say nothing to its having been born alive or not. Upon its being taken up the Prisoner did confess it to be her Child, and that she put it in; but said it was born dead, and that it was a Miscarriage, she having come before her Time. It did appear that she had owned her being with Child; and had provided some Linnen for it, but said she put it into the Vault being poor and not able to bear the expence of burying it. The Jury <rs id="t17180709-5-verdict27" type="verdictDescription">
                     <interp inst="t17180709-5-verdict27" type="verdictCategory" value="notGuilty"></interp>
               acquitted
            </rs> her.</p>
            </div1>