<?xml version="1.0" encoding="UTF-8"?>
<div1 type="trialAccount" id="t17170717-18">
               <interp inst="t17170717-18" type="collection" value="BAILEY"></interp>
               <interp inst="t17170717-18" type="year" value="1717"></interp>
               <interp inst="t17170717-18" type="uri" value="sessionsPapers/17170717"></interp>
               <interp inst="t17170717-18" type="date" value="17170717"></interp>
               <join result="criminalCharge" id="t17170717-18-off83-c74" targOrder="Y" targets="t17170717-18-defend112 t17170717-18-off83 t17170717-18-verdict86"></join>
         
               <p>
                  <xptr type="pageFacsimile" doc="171707170004"></xptr>
            
               
                  <persName id="t17170717-18-defend112" type="defendantName">
                     Ann 
                     Hasle 
                  <interp inst="t17170717-18-defend112" type="surname" value="Hasle"></interp>
                     <interp inst="t17170717-18-defend112" type="given" value="Ann"></interp>
                     <interp inst="t17170717-18-defend112" type="gender" value="female"></interp>
                  </persName>
               
             , of <placeName id="t17170717-18-defloc82">St. Giles without Cripplegate</placeName>
                  <interp inst="t17170717-18-defloc82" type="placeName" value="St. Giles without Cripplegate"></interp>
                  <interp inst="t17170717-18-defloc82" type="type" value="defendantHome"></interp>
                  <join result="persNamePlace" targOrder="Y" targets="t17170717-18-defend112 t17170717-18-defloc82"></join>, was indicted for the <rs id="t17170717-18-off83" type="offenceDescription">
                     <interp inst="t17170717-18-off83" type="offenceCategory" value="kill"></interp>
                     <interp inst="t17170717-18-off83" type="offenceSubcategory" value="infanticide"></interp>
               Murther of her Male Bastard-Infant, by drowning it in a Copper, the <rs id="t17170717-18-cd84" type="crimeDate">11th of this Instant July</rs>
                     <join result="offenceCrimeDate" targOrder="Y" targets="t17170717-18-off83 t17170717-18-cd84"></join>
               
                  </rs>. The Evidences deposed, that Mr. Burton where the Prisoner lived as a <rs id="t17170717-18-deflabel85" type="occupation">Servant</rs>
                  <join result="persNameOccupation" targOrder="Y" targets="t17170717-18-defend112 t17170717-18-deflabel85"></join>, seeing some suspicious Symptoms of her being deliver'd of a Child, sent for them, being Neighbours; That when they came, they found the Prisoner sitting in a Chair in the Kitchin; That they taxed her with her Delivery, but she would not own it; That they searched all about the House, but could find no Child, though they found some Tokens of such a Matter; whereupon they pressing her more closely to tell them where the Child was, she told them it was in the Copper, whereupon they searched, and found 2 Gown and Petticoat in a Copper wherein was 8 or 10 Pails of Water, and pulling them out, took out 2 or 3 Pails of Water, and afterwards found the Child at the Bottom of the Copper. A Midwife likewise deposed, the Child was at its full Time; That examining her as to the Manner of its Birth, she told them that she was delivered in the Chamber, and that she got out of the Bed early in the Morning, spread a Gown and Petticoat on the Floor, lean'd upon a Chest of Drawers, and the Child came from her upon them; That there was a young Woman in the Room in Bed, with whom she lay, who was asleep ( she being a Quaker would not swear, and so could be no Evidence) and that she being very ill, went again to Bed, lay about 3 Hours, and then getting up, was carrying it down Stairs in the Gown and Petticoat, and was met by the Man. The Evidence deposed likewise that the Child was dead, and that there did not appear any Marks upon the Child of its having been hurt any where, except that there was a sort of a blackishCircle about the Child's Mouth (which a Midwife likewise deposed was usual to such Infants, tho'dying by a natural Death.) They likewise deposed that the Child was opened by a Surgeon, and that there did not appear to be any Water in the Body of the Child. In order to the better Information of the Jury in this Case, the Statute was read in Court, which was made to prevent the clandestine Births and concealing the Death of Bastard-Children, which enacted, That the concealing the Birth and Death of Bastard-Children should make the Mothers deem'd the Murtherers of them. The Prisoner, to put her self out of the Reach of this Act, alledged, that she was a married Woman at the time of her Conception, having been married to one 
               <persName id="t17170717-18-person113">
                  Edward 
                  Wingate 
               <interp inst="t17170717-18-person113" type="surname" value="Wingate"></interp>
                     <interp inst="t17170717-18-person113" type="given" value="Edward"></interp>
                     <interp inst="t17170717-18-person113" type="gender" value="male"></interp>
                  </persName>
             , who died same time before last Christmas. To prove this she had a Sister in Court, who deposed that she saw her married to the said Edward Wingate at Enfield Church. And others depos'd, they liv'd together for some time at Clerkenwell , and that the said Edward Wingate upon his Death-bed expressed his Concern in leaving her six Weeks gone with Child. Tho'in Contradiction to this, the Deceased's Sister deposed, that she examining the Prisoner since the Commission of this Fact, whether she ever had been married to her Brother, she answered her, she had not. But the other's Evidence prevailing, she was deemed not to be affected by that Statute. The Matter then turning on another Hinge, it being the Prosecutor's Business to prove the Child was born alive and that she murthered it. She said it was Still-born, and that she neither perceived it to stir nor heard it to cry, and produc'd a considerable Quantity of Child-bed Linnen in Court, which was sworn she provided for her Delivery; and her Sister deposed she spoke to her three Months since to be her Nurse; and likewise a Midwife deposed, that two Months since, she spoke to her desiring her to come to her when she sent for her, telling her she look'd the latter End of July or beginning of August. And the chief Stress of the Matter then being whether the Child was murthered by her before putting into the Copper, or alive when she put it in: As to the first , the Evidences generally agreed there were no visible Tokens of any Violence offered to the Infant; and as to the latter, the Judge being of Opinion it was not alive when it was put in, because of what had been before testified, that at its being opened there was no Water found in the Body of it. A Surgeon being call'd to give his Opinion on the Matter, confirm'd his Lordship's Opinion, deposing upon Oath he was of Opinion that no human Body could be drowned without receiving some Quantity of Water into the Body, and consequently the Child could not be alive when put into the Copper. The Matter being thus, that there was no sufficient Proof that she had either murthered the Infant, or that it was born alive, tho' the Action was so unaccountably inhuman, for which she gave but little Satisfaction, the Jury <rs id="t17170717-18-verdict86" type="verdictDescription">
                     <interp inst="t17170717-18-verdict86" type="verdictCategory" value="notGuilty"></interp>
               acquitted
            </rs> her of the Indictment.</p>
            </div1>