<?xml version="1.0" encoding="UTF-8"?>
<div1 type="trialAccount" id="t17180709-17">
               <interp inst="t17180709-17" type="collection" value="BAILEY"></interp>
               <interp inst="t17180709-17" type="year" value="1718"></interp>
               <interp inst="t17180709-17" type="uri" value="sessionsPapers/17180709"></interp>
               <interp inst="t17180709-17" type="date" value="17180709"></interp>
               <join result="criminalCharge" id="t17180709-17-off85-c85" targOrder="Y" targets="t17180709-17-defend122 t17180709-17-off85 t17180709-17-verdict87"></join>
         
               <p>
            
               
                  <persName id="t17180709-17-defend122" type="defendantName">
                     Sarah 
                     Lucas 
                  <interp inst="t17180709-17-defend122" type="surname" value="Lucas"></interp>
                     <interp inst="t17180709-17-defend122" type="given" value="Sarah"></interp>
                     <interp inst="t17180709-17-defend122" type="gender" value="female"></interp>
                  </persName>
               
            , of <placeName id="t17180709-17-defloc84">St. Margaret's Westminster</placeName>
                  <interp inst="t17180709-17-defloc84" type="placeName" value="St. Margaret's Westminster"></interp>
                  <interp inst="t17180709-17-defloc84" type="type" value="defendantHome"></interp>
                  <join result="persNamePlace" targOrder="Y" targets="t17180709-17-defend122 t17180709-17-defloc84"></join>, was indicted for the <rs id="t17180709-17-off85" type="offenceDescription">
                     <interp inst="t17180709-17-off85" type="offenceCategory" value="kill"></interp>
                     <interp inst="t17180709-17-off85" type="offenceSubcategory" value="infanticide"></interp>
               Murder of her Female Bastard Infant
            </rs>, and throwing it into a House of Office the the <rs id="t17180709-17-cd86" type="crimeDate">25th of May</rs>
                  <join result="offenceCrimeDate" targOrder="Y" targets="t17180709-17-off85 t17180709-17-cd86"></join> last. 
               <persName id="t17180709-17-person123">
                  Mary 
                  Rew 
               <interp inst="t17180709-17-person123" type="surname" value="Rew"></interp>
                     <interp inst="t17180709-17-person123" type="given" value="Mary"></interp>
                     <interp inst="t17180709-17-person123" type="gender" value="female"></interp>
                  </persName>
             deposed, that she going to the Necessary House about 10 a Clock at Night with a Candle, chanc'd to call her Eye into the Vault , and espy'd a Child, and going in to her Husband in a Surprize told him what she had seen; who not having any body in his House that he could then suspect of fact a matter, could not give credit to her, till he was convinc'd by seeing with his own Eyes; but neither of them had at that time the least thought of the Prisoner, who was Servant to a Gentleman and his Lady in the Neighborhood. 
               <persName id="t17180709-17-person124">
                  Joseph 
                  Row 
               <interp inst="t17180709-17-person124" type="surname" value="Row"></interp>
                     <interp inst="t17180709-17-person124" type="given" value="Joseph"></interp>
                     <interp inst="t17180709-17-person124" type="gender" value="male"></interp>
                  </persName>
             deposed, that having seen what his Wife had told him of, he went to a Justice of Peace and inform'd him of what had happen'd to him; who sent his Clerk, who with an Officer saw the Child taken up, and not knowing whence it should come, he had a Suspicion of a Woman whom upon Examination he found was suspected wrongfully. The next Night a Man who used his House coming, in took upon him to perceive an Uneasiness in his Countenance, and ask's him what was the matter with him; whether he was concern'd about the Child's being found in the Vault; which he acknowledging, the Person advised him to he easy, telling him he would know more of it on the Morrow. He thereupon said to him, why them do you know any thing of the matter? he made no direct Answer, but ask'd him again if a Woman-body had not been at his House early on the Sunday Morning: he then recollected himself that the Prisoner had been there under pretence of bringing home a Candle she had borrow'd, and laying it down had past hastily through the House into the Yard, and that upon her coming back he perceiving her to have a Gown, ask'd her about it, who to'd him she had been to a Sister in Covent Garden for it to do her Work in, and remembering this, began to conclude the Prisoner was the Person that put the Child in the Vault: but it being then late, and the Family gone to Bed, he concluded to omit the further inquiry into the matter till Morning; but going to Bed, his Wife could not left, but getting up walk'd about the Chamber till Day-light, then about the Prisoner's Mabent Door till the Prisoner was up, and told her that her Husband desired to speak with her; upon which she came, and he taxing her with offering him the Abuse, she at first Stiffly deny'd but at last acknowledged it. 
               <persName id="t17180709-17-person125">
                  Frances 
                  Amberry 
               <interp inst="t17180709-17-person125" type="surname" value="Amberry"></interp>
                     <interp inst="t17180709-17-person125" type="given" value="Frances"></interp>
                     <interp inst="t17180709-17-person125" type="gender" value="female"></interp>
                  </persName>
            , a Mid wife, deposed, that according to her Judgment the Child was at its full time, and born alive, because its Hands were open; but she believed it dy'd for want of Help, for that she did not perceive any Marks of Violence on it. 
               <persName id="t17180709-17-person126">
                  Elizabeth 
                  Bennet 
               <interp inst="t17180709-17-person126" type="surname" value="Bennet"></interp>
                     <interp inst="t17180709-17-person126" type="given" value="Elizabeth"></interp>
                     <interp inst="t17180709-17-person126" type="gender" value="female"></interp>
                  </persName>
            , another Midwife, confirm'd what the other had deposed. The Prisoner on her Tryal acknowledged the Child to be hers, and that she put it in the Vault; she said she had been deluded by a fellow servant at another Place, who had promised her Marriage , and had put her off from time to time; that the Child was born dead, she having received Harm by two Falls not long before; that she came six Weeks before her time, had made provision for it, had spoke to a Person to get her a Lodging to Lie-inn in three Days before, told her she was with Child, and had given her Mistress Warning to go away in order to Lie-inn, but was taken before she expected, did try out for Help, but lying in the Garret, and her Master and Lady on the first Floor, the was not heard; that after her Delivery she lay two Hours in the Bed, but never perceiv'd the Child to stir or cry. She brought an Evidence was depos'd , that three Days before this Accident the had spoken to her to procure her a Lodging, telling her she was with Child: she brought others to prove, that while she was a Prisoner she gave the Key of her Trunk to two Women who went to her Mistress's and found Childbed-Linnen, in the presence of her Mistress and others: she produced three others, who deposed that she had asked them to help her to Childbed Linnen some time before, and they had so done, and owned that to be the Linnen which was produced in Court; she produc'd others who confirm'd the distance of her Lodging from that of her Master and Mistress; and that her Mistress did remember some Tokens of her having had a Fall. Upon Consideration of the whole Matter the Jury <rs id="t17180709-17-verdict87" type="verdictDescription">
                     <interp inst="t17180709-17-verdict87" type="verdictCategory" value="notGuilty"></interp>
               acquitted
            </rs> her.</p>
            </div1>