<?xml version="1.0" encoding="UTF-8"?>
<div1 type="trialAccount" id="t17150907-16">
               <interp inst="t17150907-16" type="collection" value="BAILEY"></interp>
               <interp inst="t17150907-16" type="year" value="1715"></interp>
               <interp inst="t17150907-16" type="uri" value="sessionsPapers/17150907"></interp>
               <interp inst="t17150907-16" type="date" value="17150907"></interp>
               <join result="criminalCharge" id="t17150907-16-off78-c70" targOrder="Y" targets="t17150907-16-defend105 t17150907-16-off78 t17150907-16-verdict80"></join>
         
               <p>
            
               
                  <persName id="t17150907-16-defend105" type="defendantName">
                     Jane 
                     Simpson 
                  <interp inst="t17150907-16-defend105" type="surname" value="Simpson"></interp>
                     <interp inst="t17150907-16-defend105" type="given" value="Jane"></interp>
                     <interp inst="t17150907-16-defend105" type="gender" value="female"></interp>
                  </persName>
               
             , of the Parish of <placeName id="t17150907-16-defloc77">Hackney</placeName>
                  <interp inst="t17150907-16-defloc77" type="placeName" value="Hackney"></interp>
                  <interp inst="t17150907-16-defloc77" type="type" value="defendantHome"></interp>
                  <join result="persNamePlace" targOrder="Y" targets="t17150907-16-defend105 t17150907-16-defloc77"></join>, was indicted for the <rs id="t17150907-16-off78" type="offenceDescription">
                     <interp inst="t17150907-16-off78" type="offenceCategory" value="kill"></interp>
                     <interp inst="t17150907-16-off78" type="offenceSubcategory" value="infanticide"></interp>
               Murder of her Bastard Male Child
            </rs>, on the <rs id="t17150907-16-cd79" type="crimeDate">Second of August</rs>
                  <join result="offenceCrimeDate" targOrder="Y" targets="t17150907-16-off78 t17150907-16-cd79"></join> last. She was also indicted on the Coroner's Inquest for the said Murder. 
               <persName id="t17150907-16-person106">
                  Anne 
                  Harrison 
               <interp inst="t17150907-16-person106" type="surname" value="Harrison"></interp>
                     <interp inst="t17150907-16-person106" type="given" value="Anne"></interp>
                     <interp inst="t17150907-16-person106" type="gender" value="female"></interp>
                  </persName>
             depos'd, That hearing the Prisoner cry out, she came to her, and ask'd her what was the Matter, who answering nothing ; she look'd under the Bed, and found a Cloth, and in it a dead Child: The Midwife, and some other Women saw the Child, but believ'd it might be born in the after Birth. The Prisoner said she made some Provision for the Birth, and that it was born dead; and no Body proving any thing to the contrary, she was <rs id="t17150907-16-verdict80" type="verdictDescription">
                     <interp inst="t17150907-16-verdict80" type="verdictCategory" value="notGuilty"></interp>
               acquitted
            </rs>.</p>
            </div1>