<?xml version="1.0" encoding="UTF-8"?>
<div1 type="trialAccount" id="t17190903-32">
               <interp inst="t17190903-32" type="collection" value="BAILEY"></interp>
               <interp inst="t17190903-32" type="year" value="1719"></interp>
               <interp inst="t17190903-32" type="uri" value="sessionsPapers/17190903"></interp>
               <interp inst="t17190903-32" type="date" value="17190903"></interp>
               <join result="criminalCharge" id="t17190903-32-off165-c108" targOrder="Y" targets="t17190903-32-defend174 t17190903-32-off165 t17190903-32-verdict167"></join>
         
               <p>
            
               
                  <persName id="t17190903-32-defend174" type="defendantName">
                     Mary 
                     Gough 
                  <interp inst="t17190903-32-defend174" type="surname" value="Gough"></interp>
                     <interp inst="t17190903-32-defend174" type="given" value="Mary"></interp>
                     <interp inst="t17190903-32-defend174" type="gender" value="female"></interp>
                  </persName>
               
            , of <placeName id="t17190903-32-defloc164">St. Margarets Westminster</placeName>
                  <interp inst="t17190903-32-defloc164" type="placeName" value="St. Margarets Westminster"></interp>
                  <interp inst="t17190903-32-defloc164" type="type" value="defendantHome"></interp>
                  <join result="persNamePlace" targOrder="Y" targets="t17190903-32-defend174 t17190903-32-defloc164"></join>, was indicted for the <rs id="t17190903-32-off165" type="offenceDescription">
                     <interp inst="t17190903-32-off165" type="offenceCategory" value="kill"></interp>
                     <interp inst="t17190903-32-off165" type="offenceSubcategory" value="infanticide"></interp>
               Murther of her Male Bastard Child
            </rs> on the <rs id="t17190903-32-cd166" type="crimeDate">First of August</rs>
                  <join result="offenceCrimeDate" targOrder="Y" targets="t17190903-32-off165 t17190903-32-cd166"></join> last. She was also indicted a second time on the Coroners Inquest for the same. 
               <persName id="t17190903-32-person175">
                  John 
                  Westbrook 
               <interp inst="t17190903-32-person175" type="surname" value="Westbrook"></interp>
                     <interp inst="t17190903-32-person175" type="given" value="John"></interp>
                     <interp inst="t17190903-32-person175" type="gender" value="male"></interp>
                  </persName>
             the Surgeon deposed that he was called by the Coroner to look upon the Child; that he believed it was at it's full Growth, and was of Opinion that it might be born alive. 
               <persName id="t17190903-32-person176">
                  Elizabeth 
                  Stoner 
               <interp inst="t17190903-32-person176" type="surname" value="Stoner"></interp>
                     <interp inst="t17190903-32-person176" type="given" value="Elizabeth"></interp>
                     <interp inst="t17190903-32-person176" type="gender" value="female"></interp>
                  </persName>
             the Midwife, deposed that the Child was at full Growth, but believed it to be still-born, and that it might be lost for want of Help. 
               <persName id="t17190903-32-person177">
                  Elizabeth 
                  Davis 
               <interp inst="t17190903-32-person177" type="surname" value="Davis"></interp>
                     <interp inst="t17190903-32-person177" type="given" value="Elizabeth"></interp>
                     <interp inst="t17190903-32-person177" type="gender" value="female"></interp>
                  </persName>
             deposed, that the Prisoner being ill, she was sent for to do her work, and about fix a Clock that Morning was sent up to see how did, and to carry her a Dram, that she told her she was bad with a pain in her Stomach; that at 9 a Clock she went up again, and the Prisoner told her she was better, and got up; and she going to make her Bed, it lookt as if a Child had been born, and the Sheets were taken off, which she looking for found, and the Child wrapt up in them. Her Master's Daughter deposed, that she lay with her, and when she waked in the Morning (before fix) the Prisoner complained that she was very ill of the Chollick , and said she had endeavour'd wake herseveral times<xptr type="pageFacsimile" doc="171909030005"></xptr> in the Night, but could not; that she went down Stairs and sent her up a Dram, but did not go up her self any more to her. The Prisoner in her Defence said, that she endeavoured to wake her young Mistress several times in the Night but could not till near six in the Morning, when she went down and sent her up a Dram; that she reckoned she had 6 Weeks longer to go; and that she had a fall from a Chair some time before, and never felt the Child Stir Since; She called 
               <persName id="t17190903-32-person178">
                  Elizabeth 
                  Davis 
               <interp inst="t17190903-32-person178" type="surname" value="Davis"></interp>
                     <interp inst="t17190903-32-person178" type="given" value="Elizabeth"></interp>
                     <interp inst="t17190903-32-person178" type="gender" value="female"></interp>
                  </persName>
             to prove her Fall, who confirm'd the same, further deposing, that she helpt her up. There was a Box of Linnen brought into Court, in which were Childrens things, which her Mistress deposed were in her House. The Nurse who Nurst her in her Illness deposed, that the heard her say there was Linnen in the Box. The Jury considering the whole matter <rs id="t17190903-32-verdict167" type="verdictDescription">
                     <interp inst="t17190903-32-verdict167" type="verdictCategory" value="notGuilty"></interp>
               Acquitted
            </rs> her.</p>
            </div1>