<?xml version="1.0" encoding="UTF-8"?>
<div1 type="trialAccount" id="t17111205-21">
               <interp inst="t17111205-21" type="collection" value="BAILEY"></interp>
               <interp inst="t17111205-21" type="year" value="1711"></interp>
               <interp inst="t17111205-21" type="uri" value="sessionsPapers/17111205"></interp>
               <interp inst="t17111205-21" type="date" value="17111205"></interp>
               <join result="criminalCharge" id="t17111205-21-off100-c71" targOrder="Y" targets="t17111205-21-defend109 t17111205-21-off100 t17111205-21-verdict102"></join>
         
               <p>
            
                  <persName id="t17111205-21-defend109" type="defendantName">
                  Phebe 
                  Ward
               <interp inst="t17111205-21-defend109" type="surname" value="Ward"></interp>
                     <interp inst="t17111205-21-defend109" type="given" value="Phebe"></interp>
                     <interp inst="t17111205-21-defend109" type="gender" value="female"></interp>
                  </persName>
            , of <placeName id="t17111205-21-defloc99">St. Clement's-Danes</placeName>
                  <interp inst="t17111205-21-defloc99" type="placeName" value="St. Clement's-Danes"></interp>
                  <interp inst="t17111205-21-defloc99" type="type" value="defendantHome"></interp>
                  <join result="persNamePlace" targOrder="Y" targets="t17111205-21-defend109 t17111205-21-defloc99"></join>, was indicted for the <rs id="t17111205-21-off100" type="offenceDescription">
                     <interp inst="t17111205-21-off100" type="offenceCategory" value="kill"></interp>
                     <interp inst="t17111205-21-off100" type="offenceSubcategory" value="infanticide"></interp>
               Murther of her Female Bastard Child
            </rs>, on the <rs id="t17111205-21-cd101" type="crimeDate">21st of November</rs>
                  <join result="offenceCrimeDate" targOrder="Y" targets="t17111205-21-off100 t17111205-21-cd101"></join> last. The first Evidence was one that liv'd in the House with her, and that the Morning before she was deliver'd, she complain'd she had the Cholick very much; but being ask'd by this Deponent, whether it was not something else? She said, No. She further ask'd her, whether she had never known Man? She said, no, never in her life. Some time after that she ask'd her how she did? She said she was very ill. She then ask'd her again, if she was not with Child, telling her that she was not the first that had been drawn away; and if she was, her Mistress would take Care of her, that she should Lye in handsomely. She still deny'd it; and this Deponent farther said, that she gave her two Cordial Drams, and that about an hour after that she ask'd her how she did? she said she was much better; but desir'd her to keep the Candle out of her Eyes. Coming up a second time she found some tokens of a Delivery, she taxes her with having a Child, pulling down the Bed-cloaths to the feet, but did not see any Child. The next Morning this Deponent coming down, saw the Footsteps of a Person, and trac'd it, quite to the Vault; upon this she told her Mistress, who caus'd the Vault to be search'd, and there the Child was found. There was another Evidence, who was Clerk of the Parish, who saw the Child taken out of the Vault, and that it was a full grown Child. There was another Witness,<xptr type="pageFacsimile" doc="17111205003"></xptr>who took the Child out of the Vault; and also another who was the Midwife, who searching of her, found she had been delivered of a Child. The Prisoner in her defence said very little, and it appearing that she had made no Provision for it; the Jury found her <rs id="t17111205-21-verdict102" type="verdictDescription">
                     <interp inst="t17111205-21-verdict102" type="verdictCategory" value="guilty"></interp>
               Guilty
            </rs>.</p>
               <p>
                  <rs id="t17111205-21-punish103" type="punishmentDescription">
                     <interp inst="t17111205-21-punish103" type="punishmentCategory" value="death"></interp>
                     <join result="defendantPunishment" targOrder="Y" targets="t17111205-21-defend109 t17111205-21-punish103"></join>
               
                     <note>[Death. See summary.]</note>
               
                  </rs>
               </p>
            </div1>