<?xml version="1.0" encoding="UTF-8"?>
<div1 type="trialAccount" id="t17261012-8">
               <interp inst="t17261012-8" type="collection" value="BAILEY"></interp>
               <interp inst="t17261012-8" type="year" value="1726"></interp>
               <interp inst="t17261012-8" type="uri" value="sessionsPapers/17261012"></interp>
               <interp inst="t17261012-8" type="date" value="17261012"></interp>
               <join result="criminalCharge" id="t17261012-8-off36-c77" targOrder="Y" targets="t17261012-8-defend96 t17261012-8-off36 t17261012-8-verdict38"></join>
         
               <p>
            
               
                  <persName id="t17261012-8-defend96" type="defendantName">
                     Hester 
                     George 
                  <interp inst="t17261012-8-defend96" type="surname" value="George"></interp>
                     <interp inst="t17261012-8-defend96" type="given" value="Hester"></interp>
                     <interp inst="t17261012-8-defend96" type="gender" value="female"></interp>
                  </persName>
               
            , was indicted for the <rs id="t17261012-8-off36" type="offenceDescription">
                     <interp inst="t17261012-8-off36" type="offenceCategory" value="kill"></interp>
                     <interp inst="t17261012-8-off36" type="offenceSubcategory" value="infanticide"></interp>
               Murder of her Bastard Male Infant, by throwing it into a Privy, where it was Suffocated and instantly dy'd
            </rs> on the <rs id="t17261012-8-cd37" type="crimeDate">28 of August</rs>
                  <join result="offenceCrimeDate" targOrder="Y" targets="t17261012-8-off36 t17261012-8-cd37"></join> last. She was a 2d Time indicted on the Coroners Inquisition for the said Murder.</p>
               <p>
            
                  <persName id="t17261012-8-person97">
                  Isabel 
                  Brown 
               <interp inst="t17261012-8-person97" type="surname" value="Brown"></interp>
                     <interp inst="t17261012-8-person97" type="given" value="Isabel"></interp>
                     <interp inst="t17261012-8-person97" type="gender" value="female"></interp>
                  </persName>
             thus depos'd. I often told Mrs. Holiday, that I thought the Prisoner was with Child. - I went to see her one-Day when she was very ill,<xptr type="pageFacsimile" doc="172610120004"></xptr> and had purging and vomiting, and there was Caudie in the Room, and then I believ'd that she was brought to Bed.</p>
               <p>
            
                  <persName id="t17261012-8-person98">
                  Mary 
                  Stanford 
               <interp inst="t17261012-8-person98" type="surname" value="Stanford"></interp>
                     <interp inst="t17261012-8-person98" type="given" value="Mary"></interp>
                     <interp inst="t17261012-8-person98" type="gender" value="female"></interp>
                  </persName>
             thus depos'd. On Sunday the 28th of August, between 7 and 8 in the Evening, I was sitting at my Door, which is next door to Mrs. Holidays in Pall-Mall, and her Maid 
               <persName id="t17261012-8-person99">
                  Betty 
                  Franks 
               <interp inst="t17261012-8-person99" type="surname" value="Franks"></interp>
                     <interp inst="t17261012-8-person99" type="given" value="Betty"></interp>
                     <interp inst="t17261012-8-person99" type="gender" value="female"></interp>
                  </persName>
             was with me, and so up comes the Prisoner in a Riding Hood, and ask'd me how I did, I told her I had been very ill, And so have I too, says she, and after a little more Chat, she desir'd me to let her go to my necessary House, which I did, and she came back in about 2 Minutes, and staid talking with us about half a quarter of an Hour. On the 6 of September following, the Night Men came to empty the Vault, and found a Child, which they laid upon some Straw in the Yard, and said they must charge a Constable with it, before it was carried away. - It was a Male Child at its full Time, and I saw no bruises on it.</p>
               <p>
            
                  <persName id="t17261012-8-person100">
                  William 
                  Brown 
               <interp inst="t17261012-8-person100" type="surname" value="Brown"></interp>
                     <interp inst="t17261012-8-person100" type="given" value="William"></interp>
                     <interp inst="t17261012-8-person100" type="gender" value="male"></interp>
                  </persName>
             the Night-man thus depos'd. Mrs. Holiday's Vault and this are both in one at the bottom, and there is only an Arch that parts then at top. I had empty'd 6 Tun, and was about the 7th when as I sunk the Soil, I saw something pop out of Mrs. Holidays Vault, which at first I thought was a Dog, but when I brought it up in a Pail, I found it was a Child. I believe it had laid there 5 or 6 Weeks, though it appear'd very fair, but I could give a pretty good ghess, because I had been such things before.</p>
               <p>
            
                  <persName id="t17261012-8-person101">
                  Margaret 
                  Holiday 
               <interp inst="t17261012-8-person101" type="surname" value="Holiday"></interp>
                     <interp inst="t17261012-8-person101" type="given" value="Margaret"></interp>
                     <interp inst="t17261012-8-person101" type="gender" value="female"></interp>
                  </persName>
             thus depos'd. When 
               <persName id="t17261012-8-person102">
                  Isabel 
                  Brown 
               <interp inst="t17261012-8-person102" type="surname" value="Brown"></interp>
                     <interp inst="t17261012-8-person102" type="given" value="Isabel"></interp>
                     <interp inst="t17261012-8-person102" type="gender" value="female"></interp>
                  </persName>
             told me that she believ'd the Prisoner was brought to Bed, it was but about 7 or 8 Days before the Child was found; I never saw any sign of her being with Child, and should never have mistrusted it, if Brown had not put it into my Head.</p>
               <p>
            
                  <persName id="t17261012-8-person103">
                  Elizabeth 
                  Powell 
               <interp inst="t17261012-8-person103" type="surname" value="Powell"></interp>
                     <interp inst="t17261012-8-person103" type="given" value="Elizabeth"></interp>
                     <interp inst="t17261012-8-person103" type="gender" value="female"></interp>
                  </persName>
             the Midwife thus depos'd. The Child came at its full Time. I saw no hurt on it. It came into the World without the help of a Midwife, but whether born alive or dead, I cannot tell. I ask'd the Prisoner if she had ever had a Husband, she said no, I examin'd her Breasts, and made her draw her Milk, which I carry'd in my Hand to the Jury; Then I told her, that she had had a Child. She said no, but she had miscarried about 5 Weeks ago, when she was 4 Months gone, which I could not contradict, for she might have had Milk, if it had been 8 or 10 Weeks after such a Miscarriage. The Prisoners Confession was then read in which she owns; That being about 4 Months gone with Child, she fell down, in the Old Paved Alley in Pall-mall, and finding herself very much disorder'd with a violent pain in her Back, she went into Mr. Bowchers Vault, (which is not the Vault where the Child was found) and there while she sat on the Seat, the Child dropt from her Body, which was what she did not expect when she went thither.</p>
               <p>The Prisoner thus made her Defence. I am Married, but my Husband is at Sea, I kept it private for fear of displeasing my Friends. - But when I found my self with Child, I spoke to Mrs. Southwell, to provide me with a Midwife and a Nurse, and often desired the first Witness 
               <persName id="t17261012-8-person104">
                  Isabel 
                  Brown 
               <interp inst="t17261012-8-person104" type="surname" value="Brown"></interp>
                     <interp inst="t17261012-8-person104" type="given" value="Isabel"></interp>
                     <interp inst="t17261012-8-person104" type="gender" value="female"></interp>
                  </persName>
            , to help me to some Child-Bed-Linnen, and some I made my self, which I have here to produce.</p>
               <p>Eliz. Southwell thus depos'd. The Prisoner on the ninth of August last desired me to let her have my Room to lye inn, and to chuse her a Nurse and a Midwife.</p>
               <p>
            
                  <persName id="t17261012-8-person105">
                  Isabel 
                  Brown 
               <interp inst="t17261012-8-person105" type="surname" value="Brown"></interp>
                     <interp inst="t17261012-8-person105" type="given" value="Isabel"></interp>
                     <interp inst="t17261012-8-person105" type="gender" value="female"></interp>
                  </persName>
             thus depos'd. The Prisoner has often asked me to help her to Child-Bed-Linnen; and because I did not do it, she was very angry with me, and ask'd me how I could serve her so, and that was all the reason that I had to suspect she was with Child.</p>
               <p>
            
                  <persName id="t17261012-8-person106">
                  Ferdinand 
                  Lanson 
               <interp inst="t17261012-8-person106" type="surname" value="Lanson"></interp>
                     <interp inst="t17261012-8-person106" type="given" value="Ferdinand"></interp>
                     <interp inst="t17261012-8-person106" type="gender" value="male"></interp>
                  </persName>
             thus depos'd. I lodge at Mrs. Holiday's I have been several People who did not belong to the House, go to the Vault where the Child was found, for there is an open Passage to it. I always believed the Prisoner to be a very sober modest Woman. A great number of Witnesses appeared in favour of her Character, and the Jury <rs id="t17261012-8-verdict38" type="verdictDescription">
                     <interp inst="t17261012-8-verdict38" type="verdictCategory" value="notGuilty"></interp>
               acquitted
            </rs> her.</p>
            </div1>