<?xml version="1.0" encoding="UTF-8"?>
<div1 type="trialAccount" id="t17271206-36">
               <interp inst="t17271206-36" type="collection" value="BAILEY"></interp>
               <interp inst="t17271206-36" type="year" value="1727"></interp>
               <interp inst="t17271206-36" type="uri" value="sessionsPapers/17271206"></interp>
               <interp inst="t17271206-36" type="date" value="17271206"></interp>
               <join result="criminalCharge" id="t17271206-36-off156-c134" targOrder="Y" targets="t17271206-36-defend197 t17271206-36-off156 t17271206-36-verdict158"></join>
         
               <p>
            
               
                  <persName id="t17271206-36-defend197" type="defendantName">
                     Sarah 
                     Hunt 
                  <interp inst="t17271206-36-defend197" type="surname" value="Hunt"></interp>
                     <interp inst="t17271206-36-defend197" type="given" value="Sarah"></interp>
                     <interp inst="t17271206-36-defend197" type="gender" value="female"></interp>
                  </persName>
               
            , was indicted for the <rs id="t17271206-36-off156" type="offenceDescription">
                     <interp inst="t17271206-36-off156" type="offenceCategory" value="kill"></interp>
                     <interp inst="t17271206-36-off156" type="offenceSubcategory" value="infanticide"></interp>
               Murder of her Bastard Child
            </rs>, on the <rs id="t17271206-36-cd157" type="crimeDate">10th of Nov</rs>
                  <join result="offenceCrimeDate" targOrder="Y" targets="t17271206-36-off156 t17271206-36-cd157"></join>. last; to which Indictment she pleaded Not Guilty. 
               <persName id="t17271206-36-person198">
                  Mary 
                  Leg 
               <interp inst="t17271206-36-person198" type="surname" value="Leg"></interp>
                     <interp inst="t17271206-36-person198" type="given" value="Mary"></interp>
                     <interp inst="t17271206-36-person198" type="gender" value="female"></interp>
                  </persName>
             depos'd, That on the 9th of Nov. she suspecting the Prisoner to be with Child, charg'd her with it, but she stifly denied it, and that next Day perceiving her something less in Body they sent for a Midwife, who, searching, gave her Opinion that she had been delivered of a Child, which they afterwards found in a Trunk, wrap'd in a Flannel Petticoat; but it did not appear to this Deponent that there had been any Violence offer'd to it. 
               <persName id="t17271206-36-person199">
                  Ann 
                  True 
               <interp inst="t17271206-36-person199" type="surname" value="True"></interp>
                     <interp inst="t17271206-36-person199" type="given" value="Ann"></interp>
                     <interp inst="t17271206-36-person199" type="gender" value="female"></interp>
                  </persName>
            , Midwife, depos'd, That she did believe the Child might be lost for want of Help in the Delivery, for it had neither Mark nor Blemish which might denote its being murdered 
               <persName id="t17271206-36-person200">
                  Mary 
                  Tate 
               <interp inst="t17271206-36-person200" type="surname" value="Tate"></interp>
                     <interp inst="t17271206-36-person200" type="given" value="Mary"></interp>
                     <interp inst="t17271206-36-person200" type="gender" value="female"></interp>
                  </persName>
             depos'd, That the Prisoner gave her some Childbed Linnen to mend, sometime before the Child was born; and that furthermore, she had given her a Shilling to give Earnest for a Room, which she had actually taken for the Conveniency of her Lying-in. This being confirmed, and the Prisoner's saying, she did believe her Time of Delivery was not so near, and several other Circumstances concurning therewith, the Jury <rs id="t17271206-36-verdict158" type="verdictDescription">
                     <interp inst="t17271206-36-verdict158" type="verdictCategory" value="notGuilty"></interp>
               acquitted
            </rs> her.</p>
            </div1>