<?xml version="1.0" encoding="UTF-8"?>
<div1 type="trialAccount" id="t17220907-5">
               <interp inst="t17220907-5" type="collection" value="BAILEY"></interp>
               <interp inst="t17220907-5" type="year" value="1722"></interp>
               <interp inst="t17220907-5" type="uri" value="sessionsPapers/17220907"></interp>
               <interp inst="t17220907-5" type="date" value="17220907"></interp>
               <join result="criminalCharge" id="t17220907-5-off24-c37" targOrder="Y" targets="t17220907-5-defend45 t17220907-5-off24 t17220907-5-verdict25"></join>
         
               <p>
            
               
                  <persName id="t17220907-5-defend45" type="defendantName">
                     Ann 
                     Morris 
                  <interp inst="t17220907-5-defend45" type="surname" value="Morris"></interp>
                     <interp inst="t17220907-5-defend45" type="given" value="Ann"></interp>
                     <interp inst="t17220907-5-defend45" type="gender" value="female"></interp>
                  </persName>
               
            , <rs id="t17220907-5-deflabel23" type="occupation">Widdow</rs>
                  <join result="persNameOccupation" targOrder="Y" targets="t17220907-5-defend45 t17220907-5-deflabel23"></join>, of St. Dunstan in the West, was indicted for the <rs id="t17220907-5-off24" type="offenceDescription">
                     <interp inst="t17220907-5-off24" type="offenceCategory" value="kill"></interp>
                     <interp inst="t17220907-5-off24" type="offenceSubcategory" value="infanticide"></interp>
               Murder of her Female Bastard Instant, by willfully throwing it (as soon as born alive) into a House of Ease, where it was smother'd and instantly dy'd.
            </rs> She was a 2d time indicted on the Coroner's Inquisition for the said Murder. 
               <persName id="t17220907-5-person46">
                  Elizabeth 
                  Hope 
               <interp inst="t17220907-5-person46" type="surname" value="Hope"></interp>
                     <interp inst="t17220907-5-person46" type="given" value="Elizabeth"></interp>
                     <interp inst="t17220907-5-person46" type="gender" value="female"></interp>
                  </persName>
             depos'd, that suspecting the prisoner, who had lodg'd about half a Year in the same House, to be with Child, she tax'd her with it; who said it was a Tympany she had had 4 or 5 Years, having got cold in her Lying-in. The Sunday following she went quite away, and on the Thursday after there being occasion to open the Necessary House, the Child was found by 
               <persName id="t17220907-5-person47">
                  Robert 
                  Sanders 
               <interp inst="t17220907-5-person47" type="surname" value="Sanders"></interp>
                     <interp inst="t17220907-5-person47" type="given" value="Robert"></interp>
                     <interp inst="t17220907-5-person47" type="gender" value="male"></interp>
                  </persName>
            , who confirm'd that part of the Evidence; upon which the succeeding Saturday the prisoner was taken. - Cooper, the Midwife, depos'd, that on viewing the dead Infant, she found it was a Female, and full grown; and asking the prisoner if she had provided for it, she said No indeed, Mrs. Cooper, I've provided nothing; I would not tell a lie for the world. <rs id="t17220907-5-verdict25" type="verdictDescription">
                     <interp inst="t17220907-5-verdict25" type="verdictCategory" value="guilty"></interp>
               Guilty
            </rs>.</p>
               <p>
                  <rs id="t17220907-5-punish26" type="punishmentDescription">
                     <interp inst="t17220907-5-punish26" type="punishmentCategory" value="death"></interp>
                     <join result="defendantPunishment" targOrder="Y" targets="t17220907-5-defend45 t17220907-5-punish26"></join>
               
                     <note>[Death. See summary.]</note>
               
                  </rs>
               </p>
            </div1>