<?xml version="1.0" encoding="UTF-8"?>
<div1 type="trialAccount" id="t17210712-24">
               <interp inst="t17210712-24" type="collection" value="BAILEY"></interp>
               <interp inst="t17210712-24" type="year" value="1721"></interp>
               <interp inst="t17210712-24" type="uri" value="sessionsPapers/17210712"></interp>
               <interp inst="t17210712-24" type="date" value="17210712"></interp>
               <join result="criminalCharge" id="t17210712-24-off120-c90" targOrder="Y" targets="t17210712-24-defend138 t17210712-24-off120 t17210712-24-verdict123"></join>
         
               <p>
            
               
                  <persName id="t17210712-24-defend138" type="defendantName">
                     Mary 
                     Inmnan 
                  <interp inst="t17210712-24-defend138" type="surname" value="Inmnan"></interp>
                     <interp inst="t17210712-24-defend138" type="given" value="Mary"></interp>
                     <interp inst="t17210712-24-defend138" type="gender" value="female"></interp>
                  </persName>
               
            , of <placeName id="t17210712-24-defloc119">Stoke Newington</placeName>
                  <interp inst="t17210712-24-defloc119" type="placeName" value="Stoke Newington"></interp>
                  <interp inst="t17210712-24-defloc119" type="type" value="defendantHome"></interp>
                  <join result="persNamePlace" targOrder="Y" targets="t17210712-24-defend138 t17210712-24-defloc119"></join>, was indicted for the <rs id="t17210712-24-off120" type="offenceDescription">
                     <interp inst="t17210712-24-off120" type="offenceCategory" value="kill"></interp>
                     <interp inst="t17210712-24-off120" type="offenceSubcategory" value="infanticide"></interp>
               Murder of her Female Bastard Child
            </rs> on the <rs id="t17210712-24-cd121" type="crimeDate">30th of June</rs>
                  <join result="offenceCrimeDate" targOrder="Y" targets="t17210712-24-off120 t17210712-24-cd121"></join> last. She was a second time indicted on the Coroner's Inquest for the same. 
               <persName id="t17210712-24-person139">
                  Mary 
                  Thompson 
               <interp inst="t17210712-24-person139" type="surname" value="Thompson"></interp>
                     <interp inst="t17210712-24-person139" type="given" value="Mary"></interp>
                     <interp inst="t17210712-24-person139" type="gender" value="female"></interp>
                  </persName>
             deposed, that the Prisoner (who was a <rs id="t17210712-24-deflabel122" type="occupation">Chare-woman</rs>
                  <join result="persNameOccupation" targOrder="Y" targets="t17210712-24-defend138 t17210712-24-deflabel122"></join>, and lay about in Burns where she could) then lay in an Outpart in her Master's Yard; that she heard a Child Cry twice, and acquainted her Master with it, who bid her go down and get the Door broke open if she would not open it: that when they went in the Prisner denied that she had a Child; but upon search they found that she sat upon it in the Straw and turning her off found it dead. 
               <persName id="t17210712-24-person140">
                  Hannah 
                  Jones 
               <interp inst="t17210712-24-person140" type="surname" value="Jones"></interp>
                     <interp inst="t17210712-24-person140" type="given" value="Hannah"></interp>
                     <interp inst="t17210712-24-person140" type="gender" value="female"></interp>
                  </persName>
             confirmed the former Evidence. 
               <persName id="t17210712-24-person141">
                  Jane 
                  Davis 
               <interp inst="t17210712-24-person141" type="surname" value="Davis"></interp>
                     <interp inst="t17210712-24-person141" type="given" value="Jane"></interp>
                     <interp inst="t17210712-24-person141" type="gender" value="female"></interp>
                  </persName>
             deposed, that she heard the Child cry once. 
               <persName id="t17210712-24-person142">
                  James 
                  Gretty 
               <interp inst="t17210712-24-person142" type="surname" value="Gretty"></interp>
                     <interp inst="t17210712-24-person142" type="given" value="James"></interp>
                     <interp inst="t17210712-24-person142" type="gender" value="male"></interp>
                  </persName>
             deposed, that he heard a Noise like the Crying of a Child; call'd to the Prisoner to open the Door, which she did in about a quarter of an Hour; that he gave the Women the Candle to go in, and afterwards saw the Child dead. Mrs.Fielder (a Midwife) deposed that it was at full Growth, and she believed that it was smothered. The Prisoner her Defence said she did not know when her Child was born. The Jury considering the whole matter found her <rs id="t17210712-24-verdict123" type="verdictDescription">
                     <interp inst="t17210712-24-verdict123" type="verdictCategory" value="guilty"></interp>
               Guilty
            </rs>. <rs id="t17210712-24-punish124" type="punishmentDescription">
                     <interp inst="t17210712-24-punish124" type="punishmentCategory" value="death"></interp>
                     <join result="defendantPunishment" targOrder="Y" targets="t17210712-24-defend138 t17210712-24-punish124"></join>
               Death
            </rs>.</p>
            </div1>