<?xml version="1.0" encoding="UTF-8"?>
<div1 type="trialAccount" id="t17250224-9">
               <interp inst="t17250224-9" type="collection" value="BAILEY"></interp>
               <interp inst="t17250224-9" type="year" value="1725"></interp>
               <interp inst="t17250224-9" type="uri" value="sessionsPapers/17250224"></interp>
               <interp inst="t17250224-9" type="date" value="17250224"></interp>
               <join result="criminalCharge" id="t17250224-9-off40-c44" targOrder="Y" targets="t17250224-9-defend58 t17250224-9-off40 t17250224-9-verdict43"></join>
         
               <p>
            
               
                  <persName id="t17250224-9-defend58" type="defendantName">
                     Deborah 
                     Greening 
                  <interp inst="t17250224-9-defend58" type="surname" value="Greening"></interp>
                     <interp inst="t17250224-9-defend58" type="given" value="Deborah"></interp>
                     <interp inst="t17250224-9-defend58" type="gender" value="female"></interp>
                  </persName>
                
            , of <placeName id="t17250224-9-defloc39">South Mims</placeName>
                  <interp inst="t17250224-9-defloc39" type="placeName" value="South Mims"></interp>
                  <interp inst="t17250224-9-defloc39" type="type" value="defendantHome"></interp>
                  <join result="persNamePlace" targOrder="Y" targets="t17250224-9-defend58 t17250224-9-defloc39"></join>, was indicted for the <rs id="t17250224-9-off40" type="offenceDescription">
                     <interp inst="t17250224-9-off40" type="offenceCategory" value="kill"></interp>
                     <interp inst="t17250224-9-off40" type="offenceSubcategory" value="infanticide"></interp>
               Murder of her Female Infant Bastard, by wilfully strangling the said Infant
            </rs>, on the <rs id="t17250224-9-cd41" type="crimeDate">13th of Jan</rs>
                  <join result="offenceCrimeDate" targOrder="Y" targets="t17250224-9-off40 t17250224-9-cd41"></join>. last. She was a second time indicted on the Coroner's Inquisition for the said Murder.</p>
               <p>
            
                  <persName id="t17250224-9-person59">
                  James 
                  Wallis 
               <interp inst="t17250224-9-person59" type="surname" value="Wallis"></interp>
                     <interp inst="t17250224-9-person59" type="given" value="James"></interp>
                     <interp inst="t17250224-9-person59" type="gender" value="male"></interp>
                  </persName>
             depos'd, that going to fetch up a Bullock, he saw a Hog on a Dunghill with part of a Child in his Mouth, the Head and Arms of it being eaten off. 
               <persName id="t17250224-9-person60">
                  William 
                  Shorrard 
               <interp inst="t17250224-9-person60" type="surname" value="Shorrard"></interp>
                     <interp inst="t17250224-9-person60" type="given" value="William"></interp>
                     <interp inst="t17250224-9-person60" type="gender" value="male"></interp>
                  </persName>
            , Farmer, deposed, that the Prisoner was his <rs id="t17250224-9-deflabel42" type="occupation">Servant</rs>
                  <join result="persNameOccupation" targOrder="Y" targets="t17250224-9-defend58 t17250224-9-deflabel42"></join>, had been sick two or three days, and was gone to her Father's about a Mile off, when Wallis call'd him out to see the Child that the Hog had partly devour'd. This gave him a Suspicion that the Prisoner was the Mother of that Child; upon which he caused her to be apprehended, and carry'd before the Justice, to whom she confess'd that she was deliver'd of a Child in her Master's House; that it was still-born; that she bury'd both it and the After-birth in the Dunghill, then went home again, and turned the Bed to prevent a Discovery, and afterwards went to her Father's.</p>
               <p>The Midwife deposed, that to the best of her Judgment, the Prisoner did not go her full time, for the Toe Nails of the Infant were not perfect. Justice Smith deposed, that when the Prisoner was first brought before him, she produced some Child bed Linnen, which she said was as much as she had time to make in her Service. The Jury <rs id="t17250224-9-verdict43" type="verdictDescription">
                     <interp inst="t17250224-9-verdict43" type="verdictCategory" value="notGuilty"></interp>
               acquitted
            </rs> her.</p>
            </div1>