<?xml version="1.0" encoding="UTF-8"?>
<div1 type="trialAccount" id="t17210113-11">
               <interp inst="t17210113-11" type="collection" value="BAILEY"></interp>
               <interp inst="t17210113-11" type="year" value="1721"></interp>
               <interp inst="t17210113-11" type="uri" value="sessionsPapers/17210113"></interp>
               <interp inst="t17210113-11" type="date" value="17210113"></interp>
               <join result="criminalCharge" id="t17210113-11-off57-c61" targOrder="Y" targets="t17210113-11-defend82 t17210113-11-off57 t17210113-11-verdict59"></join>
         
               <p>
            
               
                  <persName id="t17210113-11-defend82" type="defendantName">
                     Mary 
                     Taylor 
                  <interp inst="t17210113-11-defend82" type="surname" value="Taylor"></interp>
                     <interp inst="t17210113-11-defend82" type="given" value="Mary"></interp>
                     <interp inst="t17210113-11-defend82" type="gender" value="female"></interp>
                  </persName>
               
            , of <placeName id="t17210113-11-defloc56">St. Botolph without Aldgate</placeName>
                  <interp inst="t17210113-11-defloc56" type="placeName" value="St. Botolph without Aldgate"></interp>
                  <interp inst="t17210113-11-defloc56" type="type" value="defendantHome"></interp>
                  <join result="persNamePlace" targOrder="Y" targets="t17210113-11-defend82 t17210113-11-defloc56"></join>, was indicted for the <rs id="t17210113-11-off57" type="offenceDescription">
                     <interp inst="t17210113-11-off57" type="offenceCategory" value="kill"></interp>
                     <interp inst="t17210113-11-off57" type="offenceSubcategory" value="infanticide"></interp>
               Murder of her Male Bastard Child
            </rs>, on the <rs id="t17210113-11-cd58" type="crimeDate">6th of December</rs>
                  <join result="offenceCrimeDate" targOrder="Y" targets="t17210113-11-off57 t17210113-11-cd58"></join> last. Mrs. Pain deposed, that she was sent for to the Prisoner, who complained that she was very ill of the Cholick; that looking about they found the Child in the Close-stool; that there were no Marks of Violence upon it, and she believed that it was not at its full Growth. 
               <persName id="t17210113-11-person83">
                  Rebecca 
                  Taylor 
               <interp inst="t17210113-11-person83" type="surname" value="Taylor"></interp>
                     <interp inst="t17210113-11-person83" type="given" value="Rebecca"></interp>
                     <interp inst="t17210113-11-person83" type="gender" value="female"></interp>
                  </persName>
             deposed, that the Child was dead when she came; <xptr type="pageFacsimile" doc="172101130004"></xptr> and that the Prisoner told her she thought she had two Months longer to go; that there were no Marks of Violence upon it, and that she believed it to be Stilborn. - Desbury deposed, that when she came in she found the Prisoner on the Ground as dying; helpt her up on the Bed, sent for a Midwife, found the Child, and ask'd the Prisoner if she had any thing to wrap it in, who said Yes, in her Trunk; that they went immediately to her Trunk, and there found Childbed Linnen, which was produced in Court. 
               <persName id="t17210113-11-person84">
                  Ann 
                  Way 
               <interp inst="t17210113-11-person84" type="surname" value="Way"></interp>
                     <interp inst="t17210113-11-person84" type="given" value="Ann"></interp>
                     <interp inst="t17210113-11-person84" type="gender" value="female"></interp>
                  </persName>
             confirmed the finding the Childbed Linnen in her Trunk. 
               <persName id="t17210113-11-person85">
                  Robert 
                  Bayley 
               <interp inst="t17210113-11-person85" type="surname" value="Bayley"></interp>
                     <interp inst="t17210113-11-person85" type="given" value="Robert"></interp>
                     <interp inst="t17210113-11-person85" type="gender" value="male"></interp>
                  </persName>
             deposed, that the Prisoner's Mother sent for him, and told him that her Daughter had a violent Pain of the Cholick, that he gave her a gentle Purge to ease her, and a little after heard that she was deliver'd of a Child. The Jury considering the whole matter <rs id="t17210113-11-verdict59" type="verdictDescription">
                     <interp inst="t17210113-11-verdict59" type="verdictCategory" value="notGuilty"></interp>
               Acquitted
            </rs> her.</p>
            </div1>