<?xml version="1.0" encoding="UTF-8"?>
<div1 type="trialAccount" id="t17230227-3">
               <interp inst="t17230227-3" type="collection" value="BAILEY"></interp>
               <interp inst="t17230227-3" type="year" value="1723"></interp>
               <interp inst="t17230227-3" type="uri" value="sessionsPapers/17230227"></interp>
               <interp inst="t17230227-3" type="date" value="17230227"></interp>
               <join result="criminalCharge" id="t17230227-3-off13-c32" targOrder="Y" targets="t17230227-3-defend37 t17230227-3-off13 t17230227-3-verdict15"></join>
         
               <p>
            
               
                  <persName id="t17230227-3-defend37" type="defendantName">
                     Rebecca 
                     Prince 
                  <interp inst="t17230227-3-defend37" type="surname" value="Prince"></interp>
                     <interp inst="t17230227-3-defend37" type="given" value="Rebecca"></interp>
                     <interp inst="t17230227-3-defend37" type="gender" value="female"></interp>
                  </persName>
               
            , of the Parish of <placeName id="t17230227-3-defloc12">St. Brides</placeName>
                  <interp inst="t17230227-3-defloc12" type="placeName" value="St. Brides"></interp>
                  <interp inst="t17230227-3-defloc12" type="type" value="defendantHome"></interp>
                  <join result="persNamePlace" targOrder="Y" targets="t17230227-3-defend37 t17230227-3-defloc12"></join>, was indicted for the <rs id="t17230227-3-off13" type="offenceDescription">
                     <interp inst="t17230227-3-off13" type="offenceCategory" value="kill"></interp>
                     <interp inst="t17230227-3-off13" type="offenceSubcategory" value="infanticide"></interp>
               Murder of her Male Bastard Infant, by throwing it into a Vault
            </rs>, the <rs id="t17230227-3-cd14" type="crimeDate">18th of January</rs>
                  <join result="offenceCrimeDate" targOrder="Y" targets="t17230227-3-off13 t17230227-3-cd14"></join>. 
               <persName id="t17230227-3-person38">
                  Elizabeth 
                  Yates 
               <interp inst="t17230227-3-person38" type="surname" value="Yates"></interp>
                     <interp inst="t17230227-3-person38" type="given" value="Elizabeth"></interp>
                     <interp inst="t17230227-3-person38" type="gender" value="female"></interp>
                  </persName>
             depos'd, That the Prisoner having given her her Linnen to wash, she perceiv'd some Tokens on them, that made her suspect the Prisoner had had a Child, whereupon she went and acquainted her Mistress. 
               <persName id="t17230227-3-person39">
                  Elizabeth 
                  Domville 
               <interp inst="t17230227-3-person39" type="surname" value="Domville"></interp>
                     <interp inst="t17230227-3-person39" type="given" value="Elizabeth"></interp>
                     <interp inst="t17230227-3-person39" type="gender" value="female"></interp>
                  </persName>
             depos'd, That she, upon the Information of the former Evidence, sent for a Midwife, that upon being examin'd, she confess'd she had had a Child, and had put it in the Vault. The Midwife depos'd, That she saw the Child after it was taken out of the Vault, but perceiv'd no Marks of Violence upon it, that she readily confest her having a Child, said that she was very ill in the Night, in a Fit, and the Child came from her the mean Time, and when she found it was dead, that she kept it three Days in the Bed, and design'd to have carried it and left it in some Church-Yard, and did bring it down on the Sunday, but the Family coming home, she was prevented, and then threw it down the Vault. The Midwife likewise depos'd, That she had spoke to her to lay her four Months before, and had spoken to her again, about two Months before, and also about ten Days before; and that she did believe the Child was still born, because what should have come away with it, came not away till the Night after. That she was a sickly, weakly Creature, and she had made some Provision for the Prisoner's Child, when born, by her Desire. The Prisoner, in her Defence, pleaded to the same Purpose, that the Midwife had depos'd, adding, That she had a Fall the Night before, which she thought occasion'd her hasty Delivery. The Jury, upon a full hearing of the Matter, <rs id="t17230227-3-verdict15" type="verdictDescription">
                     <interp inst="t17230227-3-verdict15" type="verdictCategory" value="notGuilty"></interp>
               acquitted
            </rs> her.</p>
            </div1>