<?xml version="1.0" encoding="UTF-8"?>
<div1 type="trialAccount" id="t17270705-6">
               <interp inst="t17270705-6" type="collection" value="BAILEY"></interp>
               <interp inst="t17270705-6" type="year" value="1727"></interp>
               <interp inst="t17270705-6" type="uri" value="sessionsPapers/17270705"></interp>
               <interp inst="t17270705-6" type="date" value="17270705"></interp>
               <join result="criminalCharge" id="t17270705-6-off28-c43" targOrder="Y" targets="t17270705-6-defend53 t17270705-6-off28 t17270705-6-verdict29"></join>
         
               <p>
            
               
                  <persName id="t17270705-6-defend53" type="defendantName">
                     Mary 
                     Bent 
                  <interp inst="t17270705-6-defend53" type="surname" value="Bent"></interp>
                     <interp inst="t17270705-6-defend53" type="given" value="Mary"></interp>
                     <interp inst="t17270705-6-defend53" type="gender" value="female"></interp>
                  </persName>
               
            , of <placeName id="t17270705-6-defloc27">St. Giles's in the Fields</placeName>
                  <interp inst="t17270705-6-defloc27" type="placeName" value="St. Giles's in the Fields"></interp>
                  <interp inst="t17270705-6-defloc27" type="type" value="defendantHome"></interp>
                  <join result="persNamePlace" targOrder="Y" targets="t17270705-6-defend53 t17270705-6-defloc27"></join>, was indicted for the <rs id="t17270705-6-off28" type="offenceDescription">
                     <interp inst="t17270705-6-off28" type="offenceCategory" value="kill"></interp>
                     <interp inst="t17270705-6-off28" type="offenceSubcategory" value="infanticide"></interp>
               Murther of a Male Bastard Child, of which she was delivered on the 11th of May last, and supposed to be alive
            </rs>: She was a second Time indicted on the Coroner's Inquest on the same, to both which Indictments she pleaded Not guilty.</p>
               <p>
            
                  <persName id="t17270705-6-person54">
                  Mary 
                  Brown 
               <interp inst="t17270705-6-person54" type="surname" value="Brown"></interp>
                     <interp inst="t17270705-6-person54" type="given" value="Mary"></interp>
                     <interp inst="t17270705-6-person54" type="gender" value="female"></interp>
                  </persName>
             depos'd, That the Prisoner had for some Time been a Lodger in her House, and that on the Day before this happened, she left her to look after the House, and did not come home till the next Morning, at which Time she found some such Tokens in her own Room as gave her no little Uneasiness; upon which she instantly went to the Prisoner's Room, and searching about found a Child wrap'd up in a Linnen Gown, which lay on the Prisoner's Bed; upon which sending for a Midwife and searching the Prisoner, they found by Circumstances that the Prisoner had been delivered of a Child, which she confest; telling them it was Still-born, and that the Violence of her Pains, and the immediate Birth, would not suffer her to get Assistance. This Deponent further said, That she then found such Things in the Prisoner's Room as was convenient for the Reception of the Child.</p>
               <p>
            
                  <persName id="t17270705-6-person55">
                  Mary 
                  Nichols 
               <interp inst="t17270705-6-person55" type="surname" value="Nichols"></interp>
                     <interp inst="t17270705-6-person55" type="given" value="Mary"></interp>
                     <interp inst="t17270705-6-person55" type="gender" value="female"></interp>
                  </persName>
            , Midwife, depos'd, That she being sent for to the Prisoner the Morning after her Delivery, was a Witness to the finding such Things as in the former Deposition, and that she did believe the Child was Still-born, it not appearing to have been used with Violence, no Marks being to be seen but a small graze on the Head, which, she said, might happen from her Want of Assistance in the Delivery.</p>
               <p>
            
                  <persName id="t17270705-6-person56">
                  Thomas 
                  Brown 
               <interp inst="t17270705-6-person56" type="surname" value="Brown"></interp>
                     <interp inst="t17270705-6-person56" type="given" value="Thomas"></interp>
                     <interp inst="t17270705-6-person56" type="gender" value="male"></interp>
                  </persName>
             depos'd, That he heard a crying out for Help about One in the Morning, on the 11th of May, which Noise he did believe proceeded from the Prisoner's Room.</p>
               <p>
            
                  <persName id="t17270705-6-person57">
                  Elizabeth 
                  Powis 
               <interp inst="t17270705-6-person57" type="surname" value="Powis"></interp>
                     <interp inst="t17270705-6-person57" type="given" value="Elizabeth"></interp>
                     <interp inst="t17270705-6-person57" type="gender" value="female"></interp>
                  </persName>
             depos'd, That the Prisoner had for some Time before this been very importunate with her to come and be her Bedfellow, but she having a Husband could not have the Opportunity, except once when her Husband was out of Town, when the Prisoner exprest a great liking to her on occasion of her being a Lover of Children, and having had a great many. The Prisoner in her Defence said, That the Reason of her desiring Mrs. Powis to be with her, was for no other End, but that she might acquaint her with the Secret, and have her Advice and Assistance in her Delivery, which the Court believing from several Circumstances, the Jury <rs id="t17270705-6-verdict29" type="verdictDescription">
                     <interp inst="t17270705-6-verdict29" type="verdictCategory" value="notGuilty"></interp>
               acquitted
            </rs> her.</p>
            </div1>