<?xml version="1.0" encoding="UTF-8"?>
<div1 type="trialAccount" id="t17290521-43">
               <interp inst="t17290521-43" type="collection" value="BAILEY"></interp>
               <interp inst="t17290521-43" type="year" value="1729"></interp>
               <interp inst="t17290521-43" type="uri" value="sessionsPapers/17290521"></interp>
               <interp inst="t17290521-43" type="date" value="17290521"></interp>
               <join result="criminalCharge" id="t17290521-43-off184-c123" targOrder="Y" targets="t17290521-43-defend207 t17290521-43-off184 t17290521-43-verdict186"></join>
         
               <p>
            
               
                  <persName id="t17290521-43-defend207" type="defendantName">
                     Martha 
                     Rickets 
                  <interp inst="t17290521-43-defend207" type="surname" value="Rickets"></interp>
                     <interp inst="t17290521-43-defend207" type="given" value="Martha"></interp>
                     <interp inst="t17290521-43-defend207" type="gender" value="female"></interp>
                  </persName>
               
            , of <placeName id="t17290521-43-defloc183">St. Martin's in the Fields</placeName>
                  <interp inst="t17290521-43-defloc183" type="placeName" value="St. Martin's in the Fields"></interp>
                  <interp inst="t17290521-43-defloc183" type="type" value="defendantHome"></interp>
                  <join result="persNamePlace" targOrder="Y" targets="t17290521-43-defend207 t17290521-43-defloc183"></join>, was indicted for the <rs id="t17290521-43-off184" type="offenceDescription">
                     <interp inst="t17290521-43-off184" type="offenceCategory" value="kill"></interp>
                     <interp inst="t17290521-43-off184" type="offenceSubcategory" value="infanticide"></interp>
               Murther of her Male Bastard Infant the <rs id="t17290521-43-cd185" type="crimeDate">5th of March</rs>
                     <join result="offenceCrimeDate" targOrder="Y" targets="t17290521-43-off184 t17290521-43-cd185"></join>, by throwing it into a House of Office
            </rs>. 
               <persName id="t17290521-43-person208">
                  Sarah 
                  Miles 
               <interp inst="t17290521-43-person208" type="surname" value="Miles"></interp>
                     <interp inst="t17290521-43-person208" type="given" value="Sarah"></interp>
                     <interp inst="t17290521-43-person208" type="gender" value="female"></interp>
                  </persName>
             depos'd, that she did see a New-born Infant taken out of the Vault by some Hand, but could not say by whose Hand it was; and she believed it had lain there three Weeks, and that the Prisoner did confess that her Master was the Father of it, and said that it dropt from her at the Vault; and that she also owned that she took it out with her own Hand, that she saw no Marks of Violence on it but one, which she supposed might be caused by poking in the Vault in having been stopt. 
               <persName id="t17290521-43-person209">
                  Mary 
                  Dean 
               <interp inst="t17290521-43-person209" type="surname" value="Dean"></interp>
                     <interp inst="t17290521-43-person209" type="given" value="Mary"></interp>
                     <interp inst="t17290521-43-person209" type="gender" value="female"></interp>
                  </persName>
            , a Midwife, depos'd that afterward when the Prisoner was apprehended, and in the Round house, the Beadle came to her, that she went, and inquiring of the Prisoner she did not own, but for some Time deny'd that she had had a Child; but owned she had had a Miscarriage while she was in the Lord Bruce's Family some Months before; but upon being examined, she found she had a Child not long before that Time, and at length owned that the Child was behind a Washing-Tub in the Back-Kitchin; but she going to the House, could find no Child there; that afterward she said, it was buried under a Bench that the Washing-Tub stood upon; that she took a Grave-Digger, and he did dig up the Child, and after washing it, she did believe it to be at its full Time; that there was some Marks of Hurt upon it, but it seemed they might be occasioned by what had been depos'd by poking in the Vault, to remove some Stoppage in it. The taking up the Child was confirm'd by 
               <persName id="t17290521-43-person210">
                  John 
                  Lee 
               <interp inst="t17290521-43-person210" type="surname" value="Lee"></interp>
                     <interp inst="t17290521-43-person210" type="given" value="John"></interp>
                     <interp inst="t17290521-43-person210" type="gender" value="male"></interp>
                  </persName>
            , the Grave-Digger. Other Evidences depos'd that the Prisoner had made some Provision of Linen for the Child, and the Things were produc'd in Court, and depos'd on Oath, that they fetch'd them by her Direction. The Prisoner deny'd the Fact, as to the Murther of the Child, and said, that she knew not that she was so near her Time and that it dropp'd from her at the Vault, when uncapable to help it. Upon a full Hearing of the Matter, the Jury <rs id="t17290521-43-verdict186" type="verdictDescription">
                     <interp inst="t17290521-43-verdict186" type="verdictCategory" value="notGuilty"></interp>
               acquitted
            </rs> her.</p>
            </div1>