<?xml version="1.0" encoding="UTF-8"?>
<div1 type="trialAccount" id="t17200712-27">
               <interp inst="t17200712-27" type="collection" value="BAILEY"></interp>
               <interp inst="t17200712-27" type="year" value="1720"></interp>
               <interp inst="t17200712-27" type="uri" value="sessionsPapers/17200712"></interp>
               <interp inst="t17200712-27" type="date" value="17200712"></interp>
               <join result="criminalCharge" id="t17200712-27-off136-c126" targOrder="Y" targets="t17200712-27-defend185 t17200712-27-off136 t17200712-27-verdict138"></join>
         
               <p>
            
               
                  <persName id="t17200712-27-defend185" type="defendantName">
                     Ann 
                     Jones 
                  <interp inst="t17200712-27-defend185" type="surname" value="Jones"></interp>
                     <interp inst="t17200712-27-defend185" type="given" value="Ann"></interp>
                     <interp inst="t17200712-27-defend185" type="gender" value="female"></interp>
                  </persName>
               
            , of <placeName id="t17200712-27-defloc135">St. Giles in the Fields</placeName>
                  <interp inst="t17200712-27-defloc135" type="placeName" value="St. Giles in the Fields"></interp>
                  <interp inst="t17200712-27-defloc135" type="type" value="defendantHome"></interp>
                  <join result="persNamePlace" targOrder="Y" targets="t17200712-27-defend185 t17200712-27-defloc135"></join>, was indicted for the <rs id="t17200712-27-off136" type="offenceDescription">
                     <interp inst="t17200712-27-off136" type="offenceCategory" value="kill"></interp>
                     <interp inst="t17200712-27-off136" type="offenceSubcategory" value="infanticide"></interp>
               Murder of her Male Bastard Child, by throwing it into a House of Office
            </rs>, on the <rs id="t17200712-27-cd137" type="crimeDate">9th of June</rs>
                  <join result="offenceCrimeDate" targOrder="Y" targets="t17200712-27-off136 t17200712-27-cd137"></join> last. She was indicted a Second time on the Coroner's Inquest for the same. It appeared that the Prisoner being with Child, went to her Sister's, and ask'd for her, complaining that she was not well; that she went down Stairs, and being follow'd, was found sitting on the Vault; that being ask'd whether she was not with Child, she denied that she was to one Woman, and said that she never knew any Man; but confest <xptr type="pageFacsimile" doc="172007120006"></xptr> to others and a Mid wife that she was 18 Weeks gone; that the Midwife searching her, found that there was something amis, whereupon they went to the Vault, where she had been over Night, and found a Boy at full Growth in it; which the Prisoner owned to be hers. The Prisoner in her Defence said, that she did not know that she was so near her time, and that the Child dropt from her as she sat on the Vault; that she had made some Provision for it, and produced several Pieces of Child-Bed-Linnen in Court. The Jury considering the whole matter, <rs id="t17200712-27-verdict138" type="verdictDescription">
                     <interp inst="t17200712-27-verdict138" type="verdictCategory" value="notGuilty"></interp>
               Acquitted
            </rs> her.</p>
            </div1>