<?xml version="1.0" encoding="UTF-8"?>
<div1 type="trialAccount" id="t17290416-67">
               <interp inst="t17290416-67" type="collection" value="BAILEY"></interp>
               <interp inst="t17290416-67" type="year" value="1729"></interp>
               <interp inst="t17290416-67" type="uri" value="sessionsPapers/17290416"></interp>
               <interp inst="t17290416-67" type="date" value="17290416"></interp>
               <join result="criminalCharge" id="t17290416-67-off329-c226" targOrder="Y" targets="t17290416-67-defend358 t17290416-67-off329 t17290416-67-verdict331"></join>
         
               <p>
            
                  <persName id="t17290416-67-defend358" type="defendantName">
                  Sarah 
                  Harwood , alias <rs id="t17290416-67-alias-7" type="alias">
                        <join result="nameAlias" targOrder="Y" targets="t17290416-67-defend358 t17290416-67-alias-7"></join>Badger</rs>, alias <rs id="t17290416-67-alias-8" type="alias">
                        <join result="nameAlias" targOrder="Y" targets="t17290416-67-defend358 t17290416-67-alias-8"></join>Radford</rs>
                     <interp inst="t17290416-67-defend358" type="surname" value="Harwood"></interp>
                     <interp inst="t17290416-67-defend358" type="given" value="Sarah"></interp>
                     <interp inst="t17290416-67-defend358" type="gender" value="female"></interp>
                  </persName>
            , was indicted for the <rs id="t17290416-67-off329" type="offenceDescription">
                     <interp inst="t17290416-67-off329" type="offenceCategory" value="kill"></interp>
                     <interp inst="t17290416-67-off329" type="offenceSubcategory" value="infanticide"></interp>
               Murder of her Male Bastard-Infant, by throwing it into a House of Office, where it was suffocated
            </rs>, the <rs id="t17290416-67-cd330" type="crimeDate">8th of March</rs>
                  <join result="offenceCrimeDate" targOrder="Y" targets="t17290416-67-off329 t17290416-67-cd330"></join> last. She was also indicted a 2d Time on the Coroner's Inquest for the same.</p>
               <p>
            
                  <persName id="t17290416-67-person359">
                  John 
                  Hanby 
               <interp inst="t17290416-67-person359" type="surname" value="Hanby"></interp>
                     <interp inst="t17290416-67-person359" type="given" value="John"></interp>
                     <interp inst="t17290416-67-person359" type="gender" value="male"></interp>
                  </persName>
            , a Surgeon, depos'd, That he view'd the Child, and it did appear to be at its full Time, and to be Born alive; and that upon making Trial of a Piece of the Lungs put into Water, it was buoyant, and did not sink; and that he did not observe any visible Marks of Violence on the Child.</p>
               <p>
            
                  <persName id="t17290416-67-person360">
                  Mary 
                  Cummins 
               <interp inst="t17290416-67-person360" type="surname" value="Cummins"></interp>
                     <interp inst="t17290416-67-person360" type="given" value="Mary"></interp>
                     <interp inst="t17290416-67-person360" type="gender" value="female"></interp>
                  </persName>
             depos'd, That the Prisoner came the Night before the Fact to her, and ask'd her for a Lodging and gave her 3 d. for it; that she having no other Conveniency, she lay with another Lodger; that going into the Yard in the Morning, she perceiv'd some Drops of Blood, and going up to her Lodgers, enquir'd if any body had been down in the Yard whose Nose had bled? they all saying no; she took a Candle, and near the little Vault saw a great Quantity of Blood, and looking down the Hole, saw a Child; that going up and taxing the Prisoner with having murder'd her Child, she reply'd, she knew nothing of it; that then she went out for a Midwife, fastening the Doors after her; and when she came home the Prisoner was gone, having got on the top of the House, and so got into another House.</p>
               <p>
            
                  <persName id="t17290416-67-person361">
                  Elizabeth 
                  Marclew 
               <interp inst="t17290416-67-person361" type="surname" value="Marclew"></interp>
                     <interp inst="t17290416-67-person361" type="given" value="Elizabeth"></interp>
                     <interp inst="t17290416-67-person361" type="gender" value="female"></interp>
                  </persName>
             depos'd, That the Prisoner lay in the same Bed with her that Night; that the Prisoner got up about 3 or 4 a-Clock in the Morning, and said she was grip'd, and ask'd for a Pot; she told her, there was one in such a Place; but she went down Stairs, and staid there about 3 quarters of an Hour, and came up again, and went into Bed, and that she heard neither Sigh nor Groan, nor any such thing, made by the Prisoner; nor were there any Signs upon the Stairs; that about 8 or 9 a-Clock the Prisoner was eating a Pennyworth of Milk, when Mrs. Cummins came up, and said the Child was found.</p>
               <p>
            
                  <persName id="t17290416-67-person362">
                  Katherine 
                  Wall 
               <interp inst="t17290416-67-person362" type="surname" value="Wall"></interp>
                     <interp inst="t17290416-67-person362" type="given" value="Katherine"></interp>
                     <interp inst="t17290416-67-person362" type="gender" value="female"></interp>
                  </persName>
             depos'd, That she took the Child out of the Vault, and wash'd it, and that on each Side of the Head, near the Ear, there was a black Spot, but she did believe they might be caus'd by her helping herself.</p>
               <p>
            
                  <persName id="t17290416-67-person363">
                  Mary 
                  Eastwood 
               <interp inst="t17290416-67-person363" type="surname" value="Eastwood"></interp>
                     <interp inst="t17290416-67-person363" type="given" value="Mary"></interp>
                     <interp inst="t17290416-67-person363" type="gender" value="female"></interp>
                  </persName>
            , a Midwife, depos'd, That 4 Days after, she examining the Prisoner, found she had Milk in her Breasts, and that Plaisters were over them to dry it up.</p>
               <p>The Prisoner in her Defence pleaded, That she did not know she was so near her Time, and that she being at the necessary House, was taken very ill, and swoon'd, and was not sensible of the Child's dropping from her, and that she never laid her Finger upon it to hurt it, nor could remember how she got up Stairs again.</p>
               <p>
            
                  <persName id="t17290416-67-person364">
                  Damaris 
                  Lamb 
               <interp inst="t17290416-67-person364" type="surname" value="Lamb"></interp>
                     <interp inst="t17290416-67-person364" type="given" value="Damaris"></interp>
                     <interp inst="t17290416-67-person364" type="gender" value="indeterminate"></interp>
                  </persName>
             depos'd, That the Prisoner came to her the Night before, desiring her to help her to a Lodging; that she sent her to Mrs. Cummins, and perceiving her Condition, gave her some odd Things, as Cotton for Sleeves, &amp;c. and gave her also 6 d. in Money, and she said she had divers other Things at her Father's-in-Law at the Kings-Arms in Lawrence Lane in New St. Giles's. Upon a full Hearing of the Matter, the Jury found her <rs id="t17290416-67-verdict331" type="verdictDescription">
                     <interp inst="t17290416-67-verdict331" type="verdictCategory" value="guilty"></interp>
               guilty
            </rs> of the Indictment. <rs id="t17290416-67-punish332" type="punishmentDescription">
                     <interp inst="t17290416-67-punish332" type="punishmentCategory" value="death"></interp>
                     <join result="defendantPunishment" targOrder="Y" targets="t17290416-67-defend358 t17290416-67-punish332"></join>
               Death
            </rs>.</p>
            </div1>