<?xml version="1.0" encoding="UTF-8"?>
<div1 type="trialAccount" id="t17240226-72">
               <interp inst="t17240226-72" type="collection" value="BAILEY"></interp>
               <interp inst="t17240226-72" type="year" value="1724"></interp>
               <interp inst="t17240226-72" type="uri" value="sessionsPapers/17240226"></interp>
               <interp inst="t17240226-72" type="date" value="17240226"></interp>
               <join result="criminalCharge" id="t17240226-72-off365-c235" targOrder="Y" targets="t17240226-72-defend368 t17240226-72-off365 t17240226-72-verdict368"></join>
         
               <p>
            
               
                  <persName id="t17240226-72-defend368" type="defendantName">
                     Mary 
                     Morgan 
                  <interp inst="t17240226-72-defend368" type="surname" value="Morgan"></interp>
                     <interp inst="t17240226-72-defend368" type="given" value="Mary"></interp>
                     <interp inst="t17240226-72-defend368" type="gender" value="female"></interp>
                  </persName>
               
            , of the Parish of <placeName id="t17240226-72-defloc364">Islington</placeName>
                  <interp inst="t17240226-72-defloc364" type="placeName" value="Islington"></interp>
                  <interp inst="t17240226-72-defloc364" type="type" value="defendantHome"></interp>
                  <join result="persNamePlace" targOrder="Y" targets="t17240226-72-defend368 t17240226-72-defloc364"></join>, was indicted for the <rs id="t17240226-72-off365" type="offenceDescription">
                     <interp inst="t17240226-72-off365" type="offenceCategory" value="kill"></interp>
                     <interp inst="t17240226-72-off365" type="offenceSubcategory" value="infanticide"></interp>
               Murther of her Child
            </rs>. She was also indicted on the coroner's Inquest for the same. It appear'd by the Evidence, That the Prisoner was <rs id="t17240226-72-deflabel366" type="occupation">Servant</rs>
                  <join result="persNameOccupation" targOrder="Y" targets="t17240226-72-defend368 t17240226-72-deflabel366"></join> at the <placeName id="t17240226-72-crimeloc367">Red Lion at Holloway</placeName>
                  <interp inst="t17240226-72-crimeloc367" type="placeName" value="Red Lion at Holloway"></interp>
                  <interp inst="t17240226-72-crimeloc367" type="type" value="crimeLocation"></interp>
                  <join result="offencePlace" targOrder="Y" targets="t17240226-72-off365 t17240226-72-crimeloc367"></join>; that being with Child, and tax'd with it, she deny'd it, although she had a Husband, but afterwards own'd it before her Delivery, and being deliver'd privately, afterwards said it was over now, for she had miscarried, but being constrained to tell where the Child was, it was found buried in a Garden, and had two Stabs in the Belly of it, when taken up. A Midwife depos'd, It was a Child at its full Time. The Prisoner said, she wanted three Months of her Time, and that it was born dead: But one Evidence depos'd, She had own'd it was born alive. But giving no Account how it came by the two Stabs in the Belly, one of which was depos'd to be such an one that the Bowels came out, the Jury found her <rs id="t17240226-72-verdict368" type="verdictDescription">
                     <interp inst="t17240226-72-verdict368" type="verdictCategory" value="guilty"></interp>
               guilty
            </rs> upon both Indictments. <rs id="t17240226-72-punish369" type="punishmentDescription">
                     <interp inst="t17240226-72-punish369" type="punishmentCategory" value="death"></interp>
                     <join result="defendantPunishment" targOrder="Y" targets="t17240226-72-defend368 t17240226-72-punish369"></join>
               Death
            </rs>.</p>
            </div1>