<?xml version="1.0" encoding="UTF-8"?>
<div1 type="trialAccount" id="t17280117-43">
               <interp inst="t17280117-43" type="collection" value="BAILEY"></interp>
               <interp inst="t17280117-43" type="year" value="1728"></interp>
               <interp inst="t17280117-43" type="uri" value="sessionsPapers/17280117"></interp>
               <interp inst="t17280117-43" type="date" value="17280117"></interp>
               <join result="criminalCharge" id="t17280117-43-off174-c161" targOrder="Y" targets="t17280117-43-defend250 t17280117-43-off174 t17280117-43-verdict176"></join>
         
               <p>
            
               
                  <persName id="t17280117-43-defend250" type="defendantName">
                     Sarah 
                     Dickenson 
                  <interp inst="t17280117-43-defend250" type="surname" value="Dickenson"></interp>
                     <interp inst="t17280117-43-defend250" type="given" value="Sarah"></interp>
                     <interp inst="t17280117-43-defend250" type="gender" value="female"></interp>
                  </persName>
               
            , of the Parish of <placeName id="t17280117-43-defloc173">St. George the Martyr</placeName>
                  <interp inst="t17280117-43-defloc173" type="placeName" value="St. George the Martyr"></interp>
                  <interp inst="t17280117-43-defloc173" type="type" value="defendantHome"></interp>
                  <join result="persNamePlace" targOrder="Y" targets="t17280117-43-defend250 t17280117-43-defloc173"></join>, was indicted for the <rs id="t17280117-43-off174" type="offenceDescription">
                     <interp inst="t17280117-43-off174" type="offenceCategory" value="kill"></interp>
                     <interp inst="t17280117-43-off174" type="offenceSubcategory" value="infanticide"></interp>
               Murder of her Female Bastard Child, by suffocating, strangling, and breaking the Neck of the said Bastard Child, on the <rs id="t17280117-43-cd175" type="crimeDate">20th of December</rs>
                     <join result="offenceCrimeDate" targOrder="Y" targets="t17280117-43-off174 t17280117-43-cd175"></join> last, of which it instantly died
            </rs>.</p>
               <p>She was a second Time indicted on the Coroner's Inquisition for the said Murder; to both which Indictments she pleaded Not guilty.</p>
               <p>
            
                  <persName id="t17280117-43-person251">
                  Barbary 
                  James 
               <interp inst="t17280117-43-person251" type="surname" value="James"></interp>
                     <interp inst="t17280117-43-person251" type="given" value="Barbary"></interp>
                     <interp inst="t17280117-43-person251" type="gender" value="female"></interp>
                  </persName>
             depos'd, That she lay with the prisoner, who went for a single Woman, that she went to Bed ill on the 20th of December, and complain'd of a Hurt she has received, which have her great Pain; that she had told this Deponent of her Design to go away from her Place, but this deponent did not know of any Preparation she had made for the Reception of a Child, tho' she heard the Prisoner say, she had, when taken into Custody. 
               <persName id="t17280117-43-person252">
                  Hannah 
                  Perkinson 
               <interp inst="t17280117-43-person252" type="surname" value="Perkinson"></interp>
                     <interp inst="t17280117-43-person252" type="given" value="Hannah"></interp>
                     <interp inst="t17280117-43-person252" type="gender" value="female"></interp>
                  </persName>
             depos'd. That she had suspicion of the Prisoner's Case, from Barbary James's telling of her Illness, and asking her for something to comfort her; that in Consequence of this Suspicion, she was diligent in the Discovery, and found the Child in the Necessary House, but this Deponent could not perceive any Mark of Violence that had been offered to the Child, neither could she form an Opinion whether the Child was Still-born or not. Mrs. Busher, the Midwife, depos'd, That she being sent for, saw the Child after it was taken out of the Vault, and that it was her Opinion that the Child was smotherd for want of Help in the Birth, but as to the breaking of the Neck, this Deponent said, it could not be done without Violence; which indeed, she said, might happen by its being slung down in the Vault, which was six Foot deep. This Deponent further said, That she ask'd the Prisoner, How she could commit such an Action? To which the Prisoner replied, she did believe she had 3 Months to go, which made her not so forward as making Provision as she should have been, and that the Child was Still-born. Her Examination before 
               <persName id="t17280117-43-person253">
                  Robert 
                  Thornhill 
               <interp inst="t17280117-43-person253" type="surname" value="Thornhill"></interp>
                     <interp inst="t17280117-43-person253" type="given" value="Robert"></interp>
                     <interp inst="t17280117-43-person253" type="gender" value="male"></interp>
                  </persName>
            , Esq; was read in Court, in which she said, she was delivered of a dead Child whilst her Fellow Servant was in the Room, that she had received Damage by ringing out Cloaths, which brought on her Pains, which she thought would go off, believing she had then 10 or 12 Weeks to go, and that she had made Preparation for the Child's Reception; in particular, 2 Caps, 2 Forehead-cloths, and a Shift. Correspondent to this, 
               <persName id="t17280117-43-person254">
                  Thomas 
                  Hewlet 
               <interp inst="t17280117-43-person254" type="surname" value="Hewlet"></interp>
                     <interp inst="t17280117-43-person254" type="given" value="Thomas"></interp>
                     <interp inst="t17280117-43-person254" type="gender" value="male"></interp>
                  </persName>
             depos'd, That he being a Constable, was order'd to search her Box, and found there a Belly-band, 2 Stays, 2 Sleeves, and other Child-bed Linnen. Upon the Whole the Jury <rs id="t17280117-43-verdict176" type="verdictDescription">
                     <interp inst="t17280117-43-verdict176" type="verdictCategory" value="notGuilty"></interp>
               acquitted
            </rs> her.</p>
            </div1>