<?xml version="1.0" encoding="UTF-8"?>
<div1 type="trialAccount" id="t17280828-28">
               <interp inst="t17280828-28" type="collection" value="BAILEY"></interp>
               <interp inst="t17280828-28" type="year" value="1728"></interp>
               <interp inst="t17280828-28" type="uri" value="sessionsPapers/17280828"></interp>
               <interp inst="t17280828-28" type="date" value="17280828"></interp>
               <join result="criminalCharge" id="t17280828-28-off131-c121" targOrder="Y" targets="t17280828-28-defend175 t17280828-28-off131 t17280828-28-verdict134"></join>
         
               <p>
            
               
                  <persName id="t17280828-28-defend175" type="defendantName">
                     Ann 
                     Ridoubt 
                  <interp inst="t17280828-28-defend175" type="surname" value="Ridoubt"></interp>
                     <interp inst="t17280828-28-defend175" type="given" value="Ann"></interp>
                     <interp inst="t17280828-28-defend175" type="gender" value="female"></interp>
                  </persName>
               
            , of <placeName id="t17280828-28-defloc129">St. Peter's Cornhill</placeName>
                  <interp inst="t17280828-28-defloc129" type="placeName" value="St. Peter's Cornhill"></interp>
                  <interp inst="t17280828-28-defloc129" type="type" value="defendantHome"></interp>
                  <join result="persNamePlace" targOrder="Y" targets="t17280828-28-defend175 t17280828-28-defloc129"></join>, <rs id="t17280828-28-deflabel130" type="occupation">Spinster</rs>
                  <join result="persNameOccupation" targOrder="Y" targets="t17280828-28-defend175 t17280828-28-deflabel130"></join>, was indicted, for that <rs id="t17280828-28-off131" type="offenceDescription">
                     <interp inst="t17280828-28-off131" type="offenceCategory" value="kill"></interp>
                     <interp inst="t17280828-28-off131" type="offenceSubcategory" value="infanticide"></interp>
               she not having the Fear of God before her Eyes, but being led by the Malice and Instigation of the Devil did on the <rs id="t17280828-28-cd132" type="crimeDate">15th of Aug.</rs>
                     <join result="offenceCrimeDate" targOrder="Y" targets="t17280828-28-off131 t17280828-28-cd132"></join> kill and murder her male Infant Bastard Child which being born alive, she with both her Hands, did sling it into a House of Easement, fill'd with human Excrements, in which Place it was suffocated and .......thenand there died
            </rs>. </p>
               <p>She was a second Time indicted upon the Coroner's Inquisition for the said Murder to both which Indictments she pleaded Not Guilty.</p>
               <p>
            
                  <persName id="t17280828-28-person176">
                  William 
                  Osborn 
               <interp inst="t17280828-28-person176" type="surname" value="Osborn"></interp>
                     <interp inst="t17280828-28-person176" type="given" value="William"></interp>
                     <interp inst="t17280828-28-person176" type="gender" value="male"></interp>
                  </persName>
            , depos'd, That the Prisoner being his Fellow <rs id="t17280828-28-deflabel133" type="occupation">Servant</rs>
                  <join result="persNameOccupation" targOrder="Y" targets="t17280828-28-defend175 t17280828-28-deflabel133"></join>, and he laying on the same Floor, about a Fortnight since at 2 in the Morning she knocked against the Partition. saying, she was very ill, upon which he dress'd himself and went to her, when she appeared to be very bad, and desired she might have a Woman; that no Woman being in the House he begg'd her to compose herself; but in half an Hour she knocked again, and cried out to that Degree she surpriz'd him, when he went again to her, and told her she cried out like a Woman in Travail, to which she answered, that she was as bad, and begg'd he would call his Master which he did. and told his Master she was very bad, and must have a Woman, that his Master went up to her, and she complained she had the Cholick in a violent Manner; upon which he sent this Deponent for an Apothecary, who ordered them to get her some Chicken Broth as soon as possible, and after examining her, and she telling him she had a violent Fit of the Cholick, he went home and sent her something in a Vial, which she took, and afterwards appear'd to be something easy.</p>
               <p>Mr. Lloyd depos'd, That she complained of the Cholick, and the Apothecary said, it was a violent Indisposition in her Bowels, for which he sent her a gentle Puke, and afterwards a Bolus and Draught; that his Family being out of Town, and there being no Woman in the House besides herself, he sent for his Brother's Maid, who came at 5 o'Clock in the Morning, that he was going up Stairs with her, and the Prisoner call'd to know who was there, and said, don't come any further.</p>
               <p>The Servant of Mr. Lloyd's Brother depos'd, That she went up Stairs with Mr. Lloyd, and the Prisoner call'd out to them, and she making answer, the Prisoner said, if it is you, you may come up, that she went up, and found the Room very foul from the Bed to the Necessary House, which was on the same Floor; that she ask'd her the Occasion of it, and she said she had a violent Purging, and had got out of Bed to empty the Chamber-pot, and was since<xptr type="pageFacsimile" doc="172808280005"></xptr> easier; that she made the Room clean, and made the Bed, in which there were some Marks, and that at 7 o'Clock she left her.</p>
               <p>
            
                  <persName id="t17280828-28-person177">
                  Margaret 
                  Barkhill 
               <interp inst="t17280828-28-person177" type="surname" value="Barkhill"></interp>
                     <interp inst="t17280828-28-person177" type="given" value="Margaret"></interp>
                     <interp inst="t17280828-28-person177" type="gender" value="female"></interp>
                  </persName>
             depos'd, that she was employ'd as a Nurse to look after her, and she told her she had had a Child, for the had Milk in her Breasts, but the obstinately deny'd it.</p>
               <p>
            
                  <persName id="t17280828-28-person178">
                  Elizabeth 
                  Woolhead 
               <interp inst="t17280828-28-person178" type="surname" value="Woolhead"></interp>
                     <interp inst="t17280828-28-person178" type="given" value="Elizabeth"></interp>
                     <interp inst="t17280828-28-person178" type="gender" value="female"></interp>
                  </persName>
            , Midwife, depos'd, That on the Wednesday after this happen'd, the Ladies of the House came home, and they being told of the Prisoner's Indisposition, were surprized at the Incidents as they were related; that they immediately sent for her, and desired her Opinion, whether she had bore a Child or no; That she took her up Stairs, and examining her, found Milk in her Breasts, and then told her she had bore a Child, which she deny'd knowing any thing of, tho' she said, when she took the Vomit from the Apothecary, she had a violent Purging, at which Time something came from her, which she could not account for; however, what it was, she slung it out of the Chamber-Pot into the Vault: She likewise told this Deponent, that when the Apothecary came to her, she told him, that the Custom of Women had left her for nine Months, and that nevertheless he sent her the Potion which brought away something Extraordinary, but yet she would not own that she knew herself to be with Child; but where upon this Deponent's giving her Opinion that she had bore a Child, and she was committed to the Compter, she sent for this Deponent, and told her she had made Provisions for the Reception of a Child, which were at her Master's, at the Bottom of her Box; and that she went and found there all manner of Materials suitable for such an Occasion. This Deponent further said, that as she had a hard Labour and no Help, it were next to impossible that the Child should come from her alive, at least, it would immediately die; and for the Child's being disengag'd from her, the Navel-String might break, and in the Extremity she might not be sensible of it; and further to prove the Child was not born alive, she said there was no Child but what cried out as soon as it was born, and that this Child never cry'd at it's Birth, appear'd evident from the Oath of 
               <persName id="t17280828-28-person179">
                  Jacob 
                  Binks 
               <interp inst="t17280828-28-person179" type="surname" value="Binks"></interp>
                     <interp inst="t17280828-28-person179" type="given" value="Jacob"></interp>
                     <interp inst="t17280828-28-person179" type="gender" value="male"></interp>
                  </persName>
            , who depos'd, That he lodg'd in the next Room, that he heard her Cries and Groans all the while, but that he did not hear the Cry or Noise of a Child. Upon the Whole, the Jury <rs id="t17280828-28-verdict134" type="verdictDescription">
                     <interp inst="t17280828-28-verdict134" type="verdictCategory" value="notGuilty"></interp>
               acquitted
            </rs> her.</p>
            </div1>