<?xml version="1.0" encoding="UTF-8"?>
<div1 type="trialAccount" id="t17200907-24">
               <interp inst="t17200907-24" type="collection" value="BAILEY"></interp>
               <interp inst="t17200907-24" type="year" value="1720"></interp>
               <interp inst="t17200907-24" type="uri" value="sessionsPapers/17200907"></interp>
               <interp inst="t17200907-24" type="date" value="17200907"></interp>
               <join result="criminalCharge" id="t17200907-24-off119-c107" targOrder="Y" targets="t17200907-24-defend156 t17200907-24-off119 t17200907-24-verdict121"></join>
         
               <p>
            
               
                  <persName id="t17200907-24-defend156" type="defendantName">
                     Elizabeth 
                     Catlin 
                  <interp inst="t17200907-24-defend156" type="surname" value="Catlin"></interp>
                     <interp inst="t17200907-24-defend156" type="given" value="Elizabeth"></interp>
                     <interp inst="t17200907-24-defend156" type="gender" value="female"></interp>
                  </persName>
               
            , of <placeName id="t17200907-24-defloc118">St. James in Westminster</placeName>
                  <interp inst="t17200907-24-defloc118" type="placeName" value="St. James in Westminster"></interp>
                  <interp inst="t17200907-24-defloc118" type="type" value="defendantHome"></interp>
                  <join result="persNamePlace" targOrder="Y" targets="t17200907-24-defend156 t17200907-24-defloc118"></join>, was indicted for the <rs id="t17200907-24-off119" type="offenceDescription">
                     <interp inst="t17200907-24-off119" type="offenceCategory" value="kill"></interp>
                     <interp inst="t17200907-24-off119" type="offenceSubcategory" value="infanticide"></interp>
               Murder of her Male Bastard Child, on the <rs id="t17200907-24-cd120" type="crimeDate">10th of July</rs>
                     <join result="offenceCrimeDate" targOrder="Y" targets="t17200907-24-off119 t17200907-24-cd120"></join> last, by putting it under a quantity of Coals, by which means it was strangled
            </rs>. She was indicted a second time on the Coroner's Inquest for the same. 
               <persName id="t17200907-24-person157">
                  Sarah 
                  Reeves 
               <interp inst="t17200907-24-person157" type="surname" value="Reeves"></interp>
                     <interp inst="t17200907-24-person157" type="given" value="Sarah"></interp>
                     <interp inst="t17200907-24-person157" type="gender" value="female"></interp>
                  </persName>
             deposed, that the Prisoner was recommended to her to clean her House till she could get a Servant, that she suspecting her, asked her if she was not with Child, but she denied that she was, and said she had a Fit of the Collick by eating Cabbage; whereupon she gave her a Glass of Snake-Root, that she went out and came home again, when the Prisoner said she was better; that perceiving a great deal of Wet, and asking the Prisoner what it was she said the Cat had thrown down the Chamber-Pot, but her Sister had been there and Mopt it up; that the Prisoner still lay on the Bed, and denied that the she was in Labour or had been; that she sent for a Midwife; searcht, and found a Child in the Coal Vault; that another brought it up and laid it on the Dresser; and that she saw no Marks of Violence about it. 
               <persName id="t17200907-24-person158">
                  Mary 
                  Catlin 
               <interp inst="t17200907-24-person158" type="surname" value="Catlin"></interp>
                     <interp inst="t17200907-24-person158" type="given" value="Mary"></interp>
                     <interp inst="t17200907-24-person158" type="gender" value="female"></interp>
                  </persName>
             deposed, that her Sister sent for her about Noon; that she went to her; but her Master and Mistress being at Dinner and to go out so soon as they had Dined, she could not stay; that she went to her again and found her on the Bed; that she found the Child in the Coal Vault and brought it to the Dresser, did not hear it cry, and being in a great Surprise could not tell whether it was alive or dead. 
               <persName id="t17200907-24-person159">
                  Elizabeth 
                  Rutland 
               <interp inst="t17200907-24-person159" type="surname" value="Rutland"></interp>
                     <interp inst="t17200907-24-person159" type="given" value="Elizabeth"></interp>
                     <interp inst="t17200907-24-person159" type="gender" value="female"></interp>
                  </persName>
             deposed, that she was sent for, that the Prisoner's Sister brought the Child out of the Vault, that she viewed it, saw no Marks of Violence; and that the Prisoner said she had made Provision for it. 
               <persName id="t17200907-24-person160">
                  Martha 
                  Stone 
               <interp inst="t17200907-24-person160" type="surname" value="Stone"></interp>
                     <interp inst="t17200907-24-person160" type="given" value="Martha"></interp>
                     <interp inst="t17200907-24-person160" type="gender" value="female"></interp>
                  </persName>
             deposed, that she was sent for, viewed the Child, saw no Marks of Violence and could not tell whether it was born alive, but believes it might be kill'd in the Birth. The Prisoner in her Defence said, that she did not think she had been so near her Time, and designed to have gone into the Country to lie-in at her Mother's, that she had made some Provision for it, and had not time to make more; and that she was deliver'd alone. Some Child Linnen was produced in Court, and s ore to be the Prisoner's for that use. The Jury considering the whole matter <rs id="t17200907-24-verdict121" type="verdictDescription">
                     <interp inst="t17200907-24-verdict121" type="verdictCategory" value="notGuilty"></interp>
               acquitted
            </rs> her.</p>
            </div1>