<?xml version="1.0" encoding="UTF-8"?>
<div1 type="trialAccount" id="t17270705-10">
               <interp inst="t17270705-10" type="collection" value="BAILEY"></interp>
               <interp inst="t17270705-10" type="year" value="1727"></interp>
               <interp inst="t17270705-10" type="uri" value="sessionsPapers/17270705"></interp>
               <interp inst="t17270705-10" type="date" value="17270705"></interp>
               <join result="criminalCharge" id="t17270705-10-off47-c57" targOrder="Y" targets="t17270705-10-defend72 t17270705-10-off47 t17270705-10-verdict49"></join>
         
               <p>
            
               
                  <persName id="t17270705-10-defend72" type="defendantName">
                     Jane 
                     Tod 
                  <interp inst="t17270705-10-defend72" type="surname" value="Tod"></interp>
                     <interp inst="t17270705-10-defend72" type="given" value="Jane"></interp>
                     <interp inst="t17270705-10-defend72" type="gender" value="female"></interp>
                  </persName>
               
            , of <placeName id="t17270705-10-defloc46">Allhallows Barking, in the Tower Ward</placeName>
                  <interp inst="t17270705-10-defloc46" type="placeName" value="Allhallows Barking, in the Tower Ward"></interp>
                  <interp inst="t17270705-10-defloc46" type="type" value="defendantHome"></interp>
                  <join result="persNamePlace" targOrder="Y" targets="t17270705-10-defend72 t17270705-10-defloc46"></join>, was indicted for the <rs id="t17270705-10-off47" type="offenceDescription">
                     <interp inst="t17270705-10-off47" type="offenceCategory" value="kill"></interp>
                     <interp inst="t17270705-10-off47" type="offenceSubcategory" value="infanticide"></interp>
               Murther of her Bastard male Child, on the <rs id="t17270705-10-cd48" type="crimeDate">24th of June</rs>
                     <join result="offenceCrimeDate" targOrder="Y" targets="t17270705-10-off47 t17270705-10-cd48"></join> last, by Smothering, suffocating, and putting the said male Bastard Child in a Trunk naked, and without Covering, of which it instantly died
            </rs>: She was a second Time indicted on the Coroner's Inquisition for the same: To both which Indictments she pleaded Not guilty.</p>
               <p>
            
                  <persName id="t17270705-10-person73">
                  Sarah 
                  Allibear 
               <interp inst="t17270705-10-person73" type="surname" value="Allibear"></interp>
                     <interp inst="t17270705-10-person73" type="given" value="Sarah"></interp>
                     <interp inst="t17270705-10-person73" type="gender" value="female"></interp>
                  </persName>
             depos'd, That she being employed as a Charr Woman at the House of Mr. Carbonell, and going thither on the 24th of June at Eight in the Morning, the Prisoner at the Bar said, she was very ill, and desired this Deponent to get Breakfast ready, but she not willing to do it her self, went and informed the Housekeeper of Mrs. Tod's Indisposition, and desired her to do it for her; upon which the Housekeeper immediately got something warm, and sent this Deponent with it to the Prisoner's Room, who was then very ill, notwithstanding she eat it, and desired this Deponent to bring up a Pail of Water and a Brush, of which she informed the Housekeeper Mrs. Long, who surpriz'd at the Request went up with her to the Prisoner's Room, where they saw that which gave them some Reasons to believe she had a Child, or something like it, and telling her of their Suspicion she confidently deny'd it; upon which Mrs.<xptr type="pageFacsimile" doc="172707050003"></xptr> Long got her to Bed and sent for a Midwife, who after some Time came, and gave her Opinion that she had been deliver'd of a Child, which she still denied; after this, Mrs. Long, with others, searching about found a Child naked in a Trunk in the next Garret, but no Marks appearing of any Violence offered, besides, she did not got her full Time, then Child's Nails not being in their full Proportion, and she having made Provision for its Birth, it was the Opinion of the Court, from the strict Examination of the Evidences, that it was Still-born, (as she affirm'd) and that she flattered hereself with concealing her Shame, by carrying it off with so much Privacy: Upon the whole the Jury <rs id="t17270705-10-verdict49" type="verdictDescription">
                     <interp inst="t17270705-10-verdict49" type="verdictCategory" value="notGuilty"></interp>
               acquitted
            </rs> her.</p>
            </div1>