<?xml version="1.0" encoding="UTF-8"?>
<div1 type="trialAccount" id="t17270705-38">
               <interp inst="t17270705-38" type="collection" value="BAILEY"></interp>
               <interp inst="t17270705-38" type="year" value="1727"></interp>
               <interp inst="t17270705-38" type="uri" value="sessionsPapers/17270705"></interp>
               <interp inst="t17270705-38" type="date" value="17270705"></interp>
               <join result="criminalCharge" id="t17270705-38-off191-c132" targOrder="Y" targets="t17270705-38-defend205 t17270705-38-off191 t17270705-38-verdict192"></join>
               <join result="criminalCharge" id="t17270705-38-off191-c134" targOrder="Y" targets="t17270705-38-defend208 t17270705-38-off191 t17270705-38-verdict192"></join>
         
               <p>Elizabeth and 
               
                  <persName id="t17270705-38-defend205" type="defendantName">
                     John 
                     Tyrant 
                  <interp inst="t17270705-38-defend205" type="surname" value="Tyrant"></interp>
                     <interp inst="t17270705-38-defend205" type="given" value="John"></interp>
                     <interp inst="t17270705-38-defend205" type="gender" value="male"></interp>
                  </persName>
                
            , of <placeName id="t17270705-38-defloc189">St. James Clerkenwell</placeName>
                  <interp inst="t17270705-38-defloc189" type="placeName" value="St. James Clerkenwell"></interp>
                  <interp inst="t17270705-38-defloc189" type="type" value="defendantHome"></interp>
                  <join result="persNamePlace" targOrder="Y" targets="t17270705-38-defend205 t17270705-38-defloc189"></join>
                  <join result="persNamePlace" targOrder="Y" targets="t17270705-38-defend208 t17270705-38-defloc189"></join>, were indicted, for that on the <rs id="t17270705-38-cd190" type="crimeDate">31st of May</rs>
                  <join result="offenceCrimeDate" targOrder="Y" targets="t17270705-38-off191 t17270705-38-cd190"></join> last, the said <rs id="t17270705-38-off191" type="offenceDescription">
                     <interp inst="t17270705-38-off191" type="offenceCategory" value="kill"></interp>
                     <interp inst="t17270705-38-off191" type="offenceSubcategory" value="infanticide"></interp>
               Eliz. Tyrant was delivered of a male Infant, which, she with the Help of her Husband John Tyrant, did strangle, suffocate, and wilfully murther
            </rs>. They were a second Time indicted on the Coroner's Inquest for the same; to both which Indictments they pleaded Not guilty.</p>
               <p>
            
                  <persName id="t17270705-38-person206">
                  Elizabeth 
                  Thorndale 
               <interp inst="t17270705-38-person206" type="surname" value="Thorndale"></interp>
                     <interp inst="t17270705-38-person206" type="given" value="Elizabeth"></interp>
                     <interp inst="t17270705-38-person206" type="gender" value="female"></interp>
                  </persName>
             depos'd, That the Prisoner 
               
                  <persName id="t17270705-38-defend208" type="defendantName">
                     Elizabeth 
                     Tyrant 
                  <interp inst="t17270705-38-defend208" type="surname" value="Tyrant"></interp>
                     <interp inst="t17270705-38-defend208" type="given" value="Elizabeth"></interp>
                     <interp inst="t17270705-38-defend208" type="gender" value="female"></interp>
                  </persName>
                
             had been for some Time a Lodger in her House, and that some Days before this happened she went into the Country, before which she asked<xptr type="pageFacsimile" doc="172707050005"></xptr> 
            
                  <persName id="t17270705-38-person209">
                  Elizabeth 
                  Tyrant 
               <interp inst="t17270705-38-person209" type="surname" value="Tyrant"></interp>
                     <interp inst="t17270705-38-person209" type="given" value="Elizabeth"></interp>
                     <interp inst="t17270705-38-person209" type="gender" value="female"></interp>
                  </persName>
             how long she had to go, she answered about three Months, and that a Fortnight after, this Deponent coming home and found her Tenant lighter, enquired into the Circumstance, the Prisoner said she had miscarried, and that it being the Custom of her Country, her Husband had burried it in the Garden; but this Relation giving this Deponent some Uneasiness, she could not rest till things were brought to Light, and the Child taken up again, which was accordingly done, and upon People of Judgment viewing it, it was supposed to come at its full Time, all its Parts being in their full Proportion; upon which, this Deponent charged a Constable with the Prisoners (who did not appear in the least Surprize) and sent for a Surgeon and Midwife, to search more narrowly if the Child had come by its Death by the using any Violence; but as it did not appear there had been any Means used that might contribute to the Child's Death, if it was born alive, the Court only looked upon it as an Indiscretion which should be avoided by those who would preserve their Reputation, since Order and Decency is consistent with Humanity, and ought more especially to be observed in such Cases, lest a Neglect thereof should bring uncautious People under the Imputation of private Murtherers: But the Court not believing from the Evidence given that the Prisoners were such, they were <rs id="t17270705-38-verdict192" type="verdictDescription">
                     <interp inst="t17270705-38-verdict192" type="verdictCategory" value="notGuilty"></interp>
               acquitted
            </rs>.</p>
            </div1>