<?xml version="1.0" encoding="UTF-8"?>
<div1 type="trialAccount" id="t17290226-8">
               <interp inst="t17290226-8" type="collection" value="BAILEY"></interp>
               <interp inst="t17290226-8" type="year" value="1729"></interp>
               <interp inst="t17290226-8" type="uri" value="sessionsPapers/17290226"></interp>
               <interp inst="t17290226-8" type="date" value="17290226"></interp>
               <join result="criminalCharge" id="t17290226-8-off29-c45" targOrder="Y" targets="t17290226-8-defend56 t17290226-8-off29 t17290226-8-verdict31"></join>
         
               <p>
            
               
                  <persName id="t17290226-8-defend56" type="defendantName">
                     Jane 
                     Bostock 
                  <interp inst="t17290226-8-defend56" type="surname" value="Bostock"></interp>
                     <interp inst="t17290226-8-defend56" type="given" value="Jane"></interp>
                     <interp inst="t17290226-8-defend56" type="gender" value="female"></interp>
                  </persName>
               
            , of <placeName id="t17290226-8-defloc27">St. Mary Whitechapel</placeName>
                  <interp inst="t17290226-8-defloc27" type="placeName" value="St. Mary Whitechapel"></interp>
                  <interp inst="t17290226-8-defloc27" type="type" value="defendantHome"></interp>
                  <join result="persNamePlace" targOrder="Y" targets="t17290226-8-defend56 t17290226-8-defloc27"></join>, was indicted, for that she not having the Fear of God before her Eyes, but being led by the Malice and Instigation of the Devil, did on the <rs id="t17290226-8-cd28" type="crimeDate">7th of February</rs>
                  <join result="offenceCrimeDate" targOrder="Y" targets="t17290226-8-off29 t17290226-8-cd28"></join> Inst. <rs id="t17290226-8-off29" type="offenceDescription">
                     <interp inst="t17290226-8-off29" type="offenceCategory" value="kill"></interp>
                     <interp inst="t17290226-8-off29" type="offenceSubcategory" value="infanticide"></interp>
               kill and murder her Infant male Bastard Child, of which she was then privately deliver'd
            </rs>.</p>
               <p>
            
                  <persName id="t17290226-8-person57">
                  Dorothy 
                  Hill 
               <interp inst="t17290226-8-person57" type="surname" value="Hill"></interp>
                     <interp inst="t17290226-8-person57" type="given" value="Dorothy"></interp>
                     <interp inst="t17290226-8-person57" type="gender" value="female"></interp>
                  </persName>
             depos'd, That she lodg'd at the House of one Mrs. Burgess, to whom the Prisoner was then a <rs id="t17290226-8-deflabel30" type="occupation">Servant</rs>
                  <join result="persNameOccupation" targOrder="Y" targets="t17290226-8-defend56 t17290226-8-deflabel30"></join>, when she was deliver'd of a Child, and that she seeing her come out of the Necessary House with a Mop and other Tokens, suspected her to have had a Child, and at 8 at Night she inform'd her Husband and a Neighbour, of her Suspicions, and the Neighbour, one Mrs. Bingley, found the Child in the Necessary House and took it up with a Stick.</p>
               <p>Mrs. Bingley depos'd, That she took the Child out of the Necessary House and wash'd it in a Pail of Water, when there did not appear any Marks of Cruelty about it.</p>
               <p>
            
                  <persName id="t17290226-8-person58">
                  Elizabeth 
                  Burgess 
               <interp inst="t17290226-8-person58" type="surname" value="Burgess"></interp>
                     <interp inst="t17290226-8-person58" type="given" value="Elizabeth"></interp>
                     <interp inst="t17290226-8-person58" type="gender" value="female"></interp>
                  </persName>
             depos'd, That the Prisoner was her Servant, and that she had heard she was with Child, and tax'd her with it, but she denied it, that in the Afternoon before this Accident happen'd, she bid the Prisoner mend a Sheet, and while she was so employed, she herself fell asleep, and that when she awaked she was the Prisoner trundling a Mop near the House of Office, and calling her in she sent her of an Errand, when she found something that gave her no little uneasiness, and a great deal of Reason to believe that the Prisoner had been deliver'd of a Child, but when she return'd she would not confess it; however, she proceeded so far in her Searches as was a sufficient demonstration, when the Prisoner could deny it no longer, saying, she had really been deliver'd of a Child, and it was at a Neighbour's, but it was soon after found in the House of Office, and it appear'd to her that the Prisoner had gone her full Time, and that the Child had no Marks or Bruises as if any Violence had been offer'd to it. The Midwife likewise confirm'd this Part of the Evidence, and they all agreed; that she said it came from her in the House of Office, and she could not help its falling down, which the Midwife said was possible: The Jury brought in their Verdict <rs id="t17290226-8-verdict31" type="verdictDescription">
                     <interp inst="t17290226-8-verdict31" type="verdictCategory" value="notGuilty"></interp>
               Not Guilty
            </rs>.</p>
            </div1>