<?xml version="1.0" encoding="UTF-8"?>
<div1 type="trialAccount" id="t17310115-22">
               <interp inst="t17310115-22" type="collection" value="BAILEY"></interp>
               <interp inst="t17310115-22" type="year" value="1731"></interp>
               <interp inst="t17310115-22" type="uri" value="sessionsPapers/17310115"></interp>
               <interp inst="t17310115-22" type="date" value="17310115"></interp>
               <join result="criminalCharge" id="t17310115-22-off116-c95" targOrder="Y" targets="t17310115-22-defend146 t17310115-22-off116 t17310115-22-verdict117"></join>
         
               <p>
            
               
                  <persName id="t17310115-22-defend146" type="defendantName">
                     Mary 
                     Taylor 
                  <interp inst="t17310115-22-defend146" type="surname" value="Taylor"></interp>
                     <interp inst="t17310115-22-defend146" type="given" value="Mary"></interp>
                     <interp inst="t17310115-22-defend146" type="gender" value="female"></interp>
                  </persName>
               
            , of <placeName id="t17310115-22-defloc115">St. Andrew's Holbourn</placeName>
                  <interp inst="t17310115-22-defloc115" type="placeName" value="St. Andrew's Holbourn"></interp>
                  <interp inst="t17310115-22-defloc115" type="type" value="defendantHome"></interp>
                  <join result="persNamePlace" targOrder="Y" targets="t17310115-22-defend146 t17310115-22-defloc115"></join>, was indicted upon the Coroner's Inquest, for the <rs id="t17310115-22-off116" type="offenceDescription">
                     <interp inst="t17310115-22-off116" type="offenceCategory" value="kill"></interp>
                     <interp inst="t17310115-22-off116" type="offenceSubcategory" value="infanticide"></interp>
               Murther of her female Bastard-Child
            </rs>.</p>
               <p>
            
                  <persName id="t17310115-22-person147">
                  Dorothy 
                  Pedlar 
               <interp inst="t17310115-22-person147" type="surname" value="Pedlar"></interp>
                     <interp inst="t17310115-22-person147" type="given" value="Dorothy"></interp>
                     <interp inst="t17310115-22-person147" type="gender" value="female"></interp>
                  </persName>
             depos'd, That she suspected that the Prisoner was with Child, and that she complain'd she had the Gripes, and went to Bed, and rose again in the Morning about 10 o'Clock, and she thinking she look'd lesser about the Waste than usual, she took a Candle, and look'd into the Vault, and saw the Child; that this was on the Wednesday that she discovered it, but the Child was not taken out till the Tuesday following; but when the Child was taken up, she perceiv'd no Marks of Violence upon it; that it was the Beadle, 
               <persName id="t17310115-22-person148">
                  Charles 
                  Lilly 
               <interp inst="t17310115-22-person148" type="surname" value="Lilly"></interp>
                     <interp inst="t17310115-22-person148" type="given" value="Charles"></interp>
                     <interp inst="t17310115-22-person148" type="gender" value="male"></interp>
                  </persName>
            , that caused the Child to be taken up, and the Prisoner was carried before the Justice.</p>
               <p>
            
                  <persName id="t17310115-22-person149">
                  Charles 
                  Lilly 
               <interp inst="t17310115-22-person149" type="surname" value="Lilly"></interp>
                     <interp inst="t17310115-22-person149" type="given" value="Charles"></interp>
                     <interp inst="t17310115-22-person149" type="gender" value="male"></interp>
                  </persName>
             depos'd, That the former Evidence came and acquainted him with the Matter, and he went to the Justice, got a Warrant, and got 
               <persName id="t17310115-22-person150">
                  Eleanor 
                  Pace 
               <interp inst="t17310115-22-person150" type="surname" value="Pace"></interp>
                     <interp inst="t17310115-22-person150" type="given" value="Eleanor"></interp>
                     <interp inst="t17310115-22-person150" type="gender" value="female"></interp>
                  </persName>
             to take the Child out of the Vault, and carried the Prisoner before the Justice.</p>
               <p>The Prisoner pleaded, That she did not think she was so near her time, and was delivered of the Child at the Vault by surprize, and that she had no Design to destroy it, but had made Provision for it, and had spoke to a Midwife, and for Proof call'd the following Evidences.</p>
               <p>
            
                  <persName id="t17310115-22-person151">
                  Susannah 
                  Freeman 
               <interp inst="t17310115-22-person151" type="surname" value="Freeman"></interp>
                     <interp inst="t17310115-22-person151" type="given" value="Susannah"></interp>
                     <interp inst="t17310115-22-person151" type="gender" value="female"></interp>
                  </persName>
             depos'd, That she being a Midwife, did view the Child, but saw no Marks of Violence upon it, and did believe that it came two Months before its time; but whether born Dead or Alive she could not say.</p>
               <p>
            
                  <persName id="t17310115-22-person152">
                  Elizabeth 
                  Price 
               <interp inst="t17310115-22-person152" type="surname" value="Price"></interp>
                     <interp inst="t17310115-22-person152" type="given" value="Elizabeth"></interp>
                     <interp inst="t17310115-22-person152" type="gender" value="female"></interp>
                  </persName>
            , a Midwife, depos'd, She likewise viewed the Child, and saw no Marks of Violence, and did believe it came two Months before its time; and she added, the Prisoner had several times ask'd her to come to see her, and did believe with an Intent to have discovered her being with Child to her, and to bespeak her for her Midwife; the Child-Bed Linen was produced in Court, which was taken out of the Prisoner's Drawers, as depos'd by several Witnesses.</p>
               <p>She call'd several to her Reputation, who gave her a good Character, and the Jury <rs id="t17310115-22-verdict117" type="verdictDescription">
                     <interp inst="t17310115-22-verdict117" type="verdictCategory" value="notGuilty"></interp>
               acquitted
            </rs> her.</p>
            </div1>