<?xml version="1.0" encoding="UTF-8"?>
<div1 type="trialAccount" id="t17320419-15">
               <interp inst="t17320419-15" type="collection" value="BAILEY"></interp>
               <interp inst="t17320419-15" type="year" value="1732"></interp>
               <interp inst="t17320419-15" type="uri" value="sessionsPapers/17320419"></interp>
               <interp inst="t17320419-15" type="date" value="17320419"></interp>
               <join result="criminalCharge" id="t17320419-15-off80-c120" targOrder="Y" targets="t17320419-15-defend155 t17320419-15-off80 t17320419-15-verdict82"></join>
         
               <p>19. 
               
                  <persName id="t17320419-15-defend155" type="defendantName">
                     Hannah 
                     Bradford 
                  <interp inst="t17320419-15-defend155" type="surname" value="Bradford"></interp>
                     <interp inst="t17320419-15-defend155" type="given" value="Hannah"></interp>
                     <interp inst="t17320419-15-defend155" type="gender" value="female"></interp>
                  </persName>
               
            , of <placeName id="t17320419-15-defloc79">St. Giles's without Cripplegate</placeName>
                  <interp inst="t17320419-15-defloc79" type="placeName" value="St. Giles's without Cripplegate"></interp>
                  <interp inst="t17320419-15-defloc79" type="type" value="defendantHome"></interp>
                  <join result="persNamePlace" targOrder="Y" targets="t17320419-15-defend155 t17320419-15-defloc79"></join>, was indicted on the Coroner's Inquisition for <rs id="t17320419-15-off80" type="offenceDescription">
                     <interp inst="t17320419-15-off80" type="offenceCategory" value="kill"></interp>
                     <interp inst="t17320419-15-off80" type="offenceSubcategory" value="infanticide"></interp>
               the Murder of her female Bastard Infant, by throwing it into a House of Office, where it was suffocated
            </rs>, <rs id="t17320419-15-cd81" type="crimeDate">March 11</rs>
                  <join result="offenceCrimeDate" targOrder="Y" targets="t17320419-15-off80 t17320419-15-cd81"></join>.</p>
               <p>
            
                  <persName id="t17320419-15-person156">
                  Sarah 
                  Gay 
               <interp inst="t17320419-15-person156" type="surname" value="Gay"></interp>
                     <interp inst="t17320419-15-person156" type="given" value="Sarah"></interp>
                     <interp inst="t17320419-15-person156" type="gender" value="female"></interp>
                  </persName>
            . The Morning the Misfortune was<xptr type="pageFacsimile" doc="173204190010"></xptr> upon the Prisoner, she complain'd to me of a Twitching in her Stomach with the Cholick, and about an Hour afterwards, as she was at Breakfast with me and Mrs. Gilman, my Landlady (for she lodged in the same House as I did, in Old-street-Square) she got up, and went directly down-stairs to the Vault, and staid there about 5 Minutes; I never suspected that she was with Child, but when she came back she went up to her own Room, and I, seeing some Disorder upon the Stairs, went up after her, and enquir'd the Reason of it. She told me, That as she was sitting upon the Vault something had forc'd from her. I went immediately for a Midwife, who came in half a Quarter of an Hour and examin'd her, and said, there had been a Child. We got her to Bed, and then took a Candle and look'd down the Vault, where I saw the Leg of a Child, or something like a Leg; for in the Surprize I was in, I hardly knew what was what.</p>
               <p>
            
                  <persName id="t17320419-15-person157">
                  Elizabeth 
                  Taylor 
               <interp inst="t17320419-15-person157" type="surname" value="Taylor"></interp>
                     <interp inst="t17320419-15-person157" type="given" value="Elizabeth"></interp>
                     <interp inst="t17320419-15-person157" type="gender" value="female"></interp>
                  </persName>
            , Midwife. The Prisoner was in a very dangerous Way: I thought she would have dy'd. We were forc'd to cut off her Cloaths; for she was so bad that we had not Time to undress her to put her to Bed. I ask'd her how this Disaster happen'd? She could hardly speak then; but after some time, she said, As I hope to be saved I had no Notice of my Labour, but thought it was only the Cholick when I went to the Vault, and while I sat there I had but oe Pain ; a forcing Pain that brought down the Child from me, and I was in such Disorder and Surprize, that I could not stir my self if it had been to have saved my Life.</p>
               <p>Court. Is it usual for Women to have such hasty Labours? Midwife. 'Tis not common, but I have known 2 or 3 Instances that have been under my Care. Court. Did she tell you that she had a Child? Midwife. Yes; and I asked her whose Child it was? and she said her Husband's. Court. Was this before or after you had examined her? Midwife. It was after; for she was swooning away and dying, and not able to speak before. Court. Do you think it was likely the Child should come from her in such a Manner? Midwife. Yes; I took the Child up and wash'd it. Court. Did you see any Marks or Bruises? Midwife. No; it was clear. Court. And full grown? Midwife. Yes.</p>
               <p>
            
                  <persName id="t17320419-15-person158">
                  Elizabeth 
                  Dikes 
               <interp inst="t17320419-15-person158" type="surname" value="Dikes"></interp>
                     <interp inst="t17320419-15-person158" type="given" value="Elizabeth"></interp>
                     <interp inst="t17320419-15-person158" type="gender" value="female"></interp>
                  </persName>
            . I was with the Midwife when the Child was taken out of the Vault; we wash'd it in a Tub, and carry'd it up to the Prisoner, but she took no Notice of it. The Midwife ask'd her what she had provided for it? and she said, She had one Shirt in Goodman's-Fields, and that was all.</p>
               <p>Prisoner. I was taken with a Pain like the Cholick, and thought it was nothing else. I went to the Necessary-house, and there I had a violent Pain that brought the Child into the World. I was not able to stir. I call'd for Help, but the Vault being in a back Place no Body heard me. I have been lawfully marry'd 14 Years. My Husband often went away from me, but he has been with me several Times within this Twelvemonth.</p>
               <p>
            
                  <persName id="t17320419-15-person159">
                  Mary 
                  Rimons 
               <interp inst="t17320419-15-person159" type="surname" value="Rimons"></interp>
                     <interp inst="t17320419-15-person159" type="given" value="Mary"></interp>
                     <interp inst="t17320419-15-person159" type="gender" value="female"></interp>
                  </persName>
            . I did not see the Prisoner married, but I knew the Man that liv'd with her several Years. He own'd her for his Wife, and told me that he had been marry'd to her 12 or 14 Years, and she has a Child 9 or 10 Years old.</p>
               <p>
            
                  <persName id="t17320419-15-person160">
                  Mary 
                  White 
               <interp inst="t17320419-15-person160" type="surname" value="White"></interp>
                     <interp inst="t17320419-15-person160" type="given" value="Mary"></interp>
                     <interp inst="t17320419-15-person160" type="gender" value="female"></interp>
                  </persName>
            . A Day or two after she was deliver'd, she sent to me for some of her Child-bed Linen, which I fetch'd out of pawn, and here it is. It was pawn'd for 9 d. in her Name. She was driven to great Necessities by a wicked base Rogue of a Husband.</p>
               <p>
            
                  <persName id="t17320419-15-person161">
                  Susan 
                  Eastman 
               <interp inst="t17320419-15-person161" type="surname" value="Eastman"></interp>
                     <interp inst="t17320419-15-person161" type="given" value="Susan"></interp>
                     <interp inst="t17320419-15-person161" type="gender" value="female"></interp>
                  </persName>
            . I fetch'd this other Parcel of Child-bed Linen out of pawn by her Directions. The Jury <rs id="t17320419-15-verdict82" type="verdictDescription">
                     <interp inst="t17320419-15-verdict82" type="verdictCategory" value="notGuilty"></interp>
               acquitted
            </rs> her.</p>
            </div1>