<?xml version="1.0" encoding="UTF-8"?>
<div1 type="trialAccount" id="t17361208-10">
               <interp inst="t17361208-10" type="collection" value="BAILEY"></interp>
               <interp inst="t17361208-10" type="year" value="1736"></interp>
               <interp inst="t17361208-10" type="uri" value="sessionsPapers/17361208"></interp>
               <interp inst="t17361208-10" type="date" value="17361208"></interp>
               <join result="criminalCharge" id="t17361208-10-off47-c80" targOrder="Y" targets="t17361208-10-defend101 t17361208-10-off47 t17361208-10-verdict50"></join>
         
               <p>10. 
               
                  <persName id="t17361208-10-defend101" type="defendantName">
                     Jane 
                     Cooper 
                  <interp inst="t17361208-10-defend101" type="surname" value="Cooper"></interp>
                     <interp inst="t17361208-10-defend101" type="given" value="Jane"></interp>
                     <interp inst="t17361208-10-defend101" type="gender" value="female"></interp>
                  </persName>
               
            , of <placeName id="t17361208-10-defloc46">Heston, Middlesex</placeName>
                  <interp inst="t17361208-10-defloc46" type="placeName" value="Heston, Middlesex"></interp>
                  <interp inst="t17361208-10-defloc46" type="type" value="defendantHome"></interp>
                  <join result="persNamePlace" targOrder="Y" targets="t17361208-10-defend101 t17361208-10-defloc46"></join>, was indicted, for that <rs id="t17361208-10-off47" type="offenceDescription">
                     <interp inst="t17361208-10-off47" type="offenceCategory" value="kill"></interp>
                     <interp inst="t17361208-10-off47" type="offenceSubcategory" value="infanticide"></interp>
               she being big with a Female Bastard Child, by the Providence of God, did bring forth the said Child alive; and she the said Jane not having the Fear of God before her Eyes, &amp;c. on the said Child so born alive, did, with both her Hands, make an Assault, and in a certain Linnen Cloth, value 1 d. the said Child did wrap, by Reason of which wrapping the said Child was then and there choaked and strangled; of which choaking and strangling it there died
            </rs>. <rs id="t17361208-10-cd48" type="crimeDate">November 8</rs>
                  <join result="offenceCrimeDate" targOrder="Y" targets="t17361208-10-off47 t17361208-10-cd48"></join>.</p>
               <p>Anna Maria Margaritta Church. 
               <persName id="t17361208-10-person102">
                  Mary 
                  Eldridge 
               <interp inst="t17361208-10-person102" type="surname" value="Eldridge"></interp>
                     <interp inst="t17361208-10-person102" type="given" value="Mary"></interp>
                     <interp inst="t17361208-10-person102" type="gender" value="female"></interp>
                  </persName>
             told me she had a Bundle left her by the Prisoner, and she was offended with the Smell of it. I thought, as the Prisoner was a <rs id="t17361208-10-deflabel49" type="occupation">Servant to a Butcher</rs>
                  <join result="persNameOccupation" targOrder="Y" targets="t17361208-10-defend101 t17361208-10-deflabel49"></join>, she might have bundled up a Joint of Meat, and so I advised Eldridge not to conceal it: So it was carry'd to Heston Church House, and I was by when it was opened. There was in the Bundle a Shift and some Aprons, and a colour'd Apron next the Child, which was a Female, and which the Prisoner own'd to have been hers. She confess'd she had given Eldridge the Bundle to keep for her, and had ordered her to let no Body see it.</p>
               <p>When she was going before Justice Bulstrode, I asked her if she had made a Provision for it, and she said, No, she had not, for she concealed it, and intended it should be concealed.</p>
               <p>Q. Did you ask her if it was born alive?</p>
               <p>Church. She said it was not born alive; she had made no Preparation for it, and that no Body knew any thing of it but her self.</p>
               <p>
            
                  <persName id="t17361208-10-person103">
                  Mary 
                  Eldridge 
               <interp inst="t17361208-10-person103" type="surname" value="Eldridge"></interp>
                     <interp inst="t17361208-10-person103" type="given" value="Mary"></interp>
                     <interp inst="t17361208-10-person103" type="gender" value="female"></interp>
                  </persName>
            . Last Monday was three Weeks, the Prisoner sent for me, by an old Man, and told me she was going away from her Place, and desired me to take a Bundle to keep for her, (whereof) I did: She took it from under a Settle, and it was sew'd up; when she delivered this Bundle to me, she desired that no Body might see, or meddle with it. I thought it had been her own wearing Cloaths, so I put it up on the<xptr type="pageFacsimile" doc="173612080009"></xptr> Head of my Bed, and there it lay till the Thursday following. I discovered it by the Stink that came from it, and acquainted my Neighbours with it; we thought it smelt like stinking Meat, so it was open'd, and we found something in it all over Maggots, Filth, and the like; then we open'd it farther, and found a Female Child. We acquainted the Officers, and they sent for the Prisoner to an Alehouse, who there own'd she was deliver'd of a still born Child by herself, at 
               <persName id="t17361208-10-person104">
                  George 
                  Greenwood 
               <interp inst="t17361208-10-person104" type="surname" value="Greenwood"></interp>
                     <interp inst="t17361208-10-person104" type="given" value="George"></interp>
                     <interp inst="t17361208-10-person104" type="gender" value="male"></interp>
                  </persName>
            's, where she liv'd. The Child's Arm was broke and its Skull too, and the Face of it was very much mortify'd, which might be occasioned by its having been so long dead.</p>
               <p>
            
                  <persName id="t17361208-10-person105">
                  Elizabeth 
                  Hutchins 
               <interp inst="t17361208-10-person105" type="surname" value="Hutchins"></interp>
                     <interp inst="t17361208-10-person105" type="given" value="Elizabeth"></interp>
                     <interp inst="t17361208-10-person105" type="gender" value="female"></interp>
                  </persName>
            , Midwife. I was sent for by the Parish Officers to view the Child; it was at its full Growth full nail'd, and had Hair on its Head; it was very much maul'd, the Arm and the Skull were broke; and as to the Face it had none; no Eyes nor Nose, and the Skull was clasp'd one Part over the other; I cannot say whether that might happen without Violence or not, but the Arm was broke between the Shoulder and the Elbow; perhaps the clasping of the Skull one Part over the other, might be occasioned by her wrapping it up so close together.</p>
               <p>Defence. The Child was still-born, and never was alive in this World. I was delivered of the Child in my Service where I liv'd, and I call'd out, but nobody heard me, so as all was over and the Child was dead, I did not think of telling any Thing about it. <rs id="t17361208-10-verdict50" type="verdictDescription">
                     <interp inst="t17361208-10-verdict50" type="verdictCategory" value="guilty"></interp>
               Guilty
            </rs>. <rs id="t17361208-10-punish51" type="punishmentDescription">
                     <interp inst="t17361208-10-punish51" type="punishmentCategory" value="death"></interp>
                     <join result="defendantPunishment" targOrder="Y" targets="t17361208-10-defend101 t17361208-10-punish51"></join>
               Death
            </rs>.</p>
               <p>She was indicted likewise on the Coroner's Inquest for the said Murder, and found guilty.</p>
            </div1>