<?xml version="1.0" encoding="UTF-8"?>
<div1 type="trialAccount" id="t17310714-29">
               <interp inst="t17310714-29" type="collection" value="BAILEY"></interp>
               <interp inst="t17310714-29" type="year" value="1731"></interp>
               <interp inst="t17310714-29" type="uri" value="sessionsPapers/17310714"></interp>
               <interp inst="t17310714-29" type="date" value="17310714"></interp>
               <join result="criminalCharge" id="t17310714-29-off141-c115" targOrder="Y" targets="t17310714-29-defend175 t17310714-29-off141 t17310714-29-verdict143"></join>
         
               <p>
            
               
                  <persName id="t17310714-29-defend175" type="defendantName">
                     Martha 
                     Busby 
                  <interp inst="t17310714-29-defend175" type="surname" value="Busby"></interp>
                     <interp inst="t17310714-29-defend175" type="given" value="Martha"></interp>
                     <interp inst="t17310714-29-defend175" type="gender" value="female"></interp>
                  </persName>
               
            , of <placeName id="t17310714-29-defloc140">Fulham</placeName>
                  <interp inst="t17310714-29-defloc140" type="placeName" value="Fulham"></interp>
                  <interp inst="t17310714-29-defloc140" type="type" value="defendantHome"></interp>
                  <join result="persNamePlace" targOrder="Y" targets="t17310714-29-defend175 t17310714-29-defloc140"></join>, was indicted for the <rs id="t17310714-29-off141" type="offenceDescription">
                     <interp inst="t17310714-29-off141" type="offenceCategory" value="kill"></interp>
                     <interp inst="t17310714-29-off141" type="offenceSubcategory" value="infanticide"></interp>
               Murther of her Female Bastard Infant, by throwing it into an House of Office
            </rs>, the <rs id="t17310714-29-cd142" type="crimeDate">3d of May</rs>
                  <join result="offenceCrimeDate" targOrder="Y" targets="t17310714-29-off141 t17310714-29-cd142"></join> last.</p>
               <p>
            
                  <persName id="t17310714-29-person176">
                  Elizabeth 
                  Smith 
               <interp inst="t17310714-29-person176" type="surname" value="Smith"></interp>
                     <interp inst="t17310714-29-person176" type="given" value="Elizabeth"></interp>
                     <interp inst="t17310714-29-person176" type="gender" value="female"></interp>
                  </persName>
             depos'd, That the Prisoner lodg'd in the same House with her, and she found a Child in the House of Office, wrapt up in a Piece of an old Blanket; that the Child appear'd to have been at its full growth, but was wasted, being suppos'd to have lain there several Weeks.</p>
               <p>
            
                  <persName id="t17310714-29-person177">
                  Mary 
                  Sweatingham 
               <interp inst="t17310714-29-person177" type="surname" value="Sweatingham"></interp>
                     <interp inst="t17310714-29-person177" type="given" value="Mary"></interp>
                     <interp inst="t17310714-29-person177" type="gender" value="female"></interp>
                  </persName>
             depos'd, That about a Fortnight before the Child was found, she being at Work with her picking of Strawberries, she ask'd her, If she did not hear a Child cry? saying, she had continually the Noise of a New-born Child in her Ears; that she going to the Prisoner in New-Prison, and asking her, why she did not make her Escape? She answer'd, she knew herself to be Guilty, and had no Power.</p>
               <p>
            
                  <persName id="t17310714-29-person178">
                  Elizabeth 
                  Jones 
               <interp inst="t17310714-29-person178" type="surname" value="Jones"></interp>
                     <interp inst="t17310714-29-person178" type="given" value="Elizabeth"></interp>
                     <interp inst="t17310714-29-person178" type="gender" value="female"></interp>
                  </persName>
             depos'd, That she going (about a Fortnight before the Child was taken up) to the Pond to wash a Mop, and the Prisoner at the same time going to wash a Tin-pot, the Prisoner bid her put her Hand upon her Belly, and feel how soft it was grown in a Weeks time, and she tracked her by some Blood, and also that she was another Woman than she had been for 10 or 11 Months; that she appeared then to be very lank, tho' she had look'd big before.</p>
               <p>
            
                  <persName id="t17310714-29-person179">
                  Rachel 
                  Wright 
               <interp inst="t17310714-29-person179" type="surname" value="Wright"></interp>
                     <interp inst="t17310714-29-person179" type="given" value="Rachel"></interp>
                     <interp inst="t17310714-29-person179" type="gender" value="female"></interp>
                  </persName>
             depos'd , That as she was gathering Strawberries, the Prisoner ask'd her the like Question as she had done 
               <persName id="t17310714-29-person180">
                  Mary 
                  Sweatingham 
               <interp inst="t17310714-29-person180" type="surname" value="Sweatingham"></interp>
                     <interp inst="t17310714-29-person180" type="given" value="Mary"></interp>
                     <interp inst="t17310714-29-person180" type="gender" value="female"></interp>
                  </persName>
            .</p>
               <p>
            
                  <persName id="t17310714-29-person181">
                  Elizabeth 
                  Paul 
               <interp inst="t17310714-29-person181" type="surname" value="Paul"></interp>
                     <interp inst="t17310714-29-person181" type="given" value="Elizabeth"></interp>
                     <interp inst="t17310714-29-person181" type="gender" value="female"></interp>
                  </persName>
            , the Midwife, depos'd, That in her Opinion the Child was at its full Growth.</p>
               <p>The Prisoner call'd several Persons to her Reputation, and the Fact not being proved to the Satisfaction of the Jury, they <rs id="t17310714-29-verdict143" type="verdictDescription">
                     <interp inst="t17310714-29-verdict143" type="verdictCategory" value="notGuilty"></interp>
               acquitted
            </rs> her.</p>
            </div1>