<?xml version="1.0" encoding="UTF-8"?>
<div1 type="trialAccount" id="t17390906-8">
               <interp inst="t17390906-8" type="collection" value="BAILEY"></interp>
               <interp inst="t17390906-8" type="year" value="1739"></interp>
               <interp inst="t17390906-8" type="uri" value="sessionsPapers/17390906"></interp>
               <interp inst="t17390906-8" type="date" value="17390906"></interp>
               <join result="criminalCharge" id="t17390906-8-off41-c59" targOrder="Y" targets="t17390906-8-defend81 t17390906-8-off41 t17390906-8-verdict44"></join>
         
               <p>437. 
               
                  <persName id="t17390906-8-defend81" type="defendantName">
                     Elizabeth 
                     Harrard 
                  <interp inst="t17390906-8-defend81" type="surname" value="Harrard"></interp>
                     <interp inst="t17390906-8-defend81" type="given" value="Elizabeth"></interp>
                     <interp inst="t17390906-8-defend81" type="gender" value="female"></interp>
                  </persName>
               
            , of <placeName id="t17390906-8-defloc40">Isleworth</placeName>
                  <interp inst="t17390906-8-defloc40" type="placeName" value="Isleworth"></interp>
                  <interp inst="t17390906-8-defloc40" type="type" value="defendantHome"></interp>
                  <join result="persNamePlace" targOrder="Y" targets="t17390906-8-defend81 t17390906-8-defloc40"></join>, was indicted, for that <rs id="t17390906-8-off41" type="offenceDescription">
                     <interp inst="t17390906-8-off41" type="offenceCategory" value="kill"></interp>
                     <interp inst="t17390906-8-off41" type="offenceSubcategory" value="infanticide"></interp>
               she being big with a certain Male Child, the said Male Child she did, alone, and secretly, bring forth alive, and which Male Child, by the Laws of this Realm, was a Bastard. And she not having GOD before her Eyes, &amp;c. as soon as the said Male Bastard Child was born, with Force and Arms, on the said Male Bastard Child, so alive, feloniously, &amp;c. did make an Assault, and with both her Hands, the said Child, into a certain River, called the Powder-Mills River, did cast and throw, by reason of which casting and throwing into the said River, the said Child was suffocated and drowned, of which Suffocating and Drowning it instantly died
            </rs>, <rs id="t17390906-8-cd42" type="crimeDate">July 10</rs>
                  <join result="offenceCrimeDate" targOrder="Y" targets="t17390906-8-off41 t17390906-8-cd42"></join>.</p>
               <p>She shas likewise charged, by vertue of the Coroner's Inquest, for the said Murder.</p>
               <p>
            
                  <persName id="t17390906-8-person82">
                  John 
                  Thackery 
               <interp inst="t17390906-8-person82" type="surname" value="Thackery"></interp>
                     <interp inst="t17390906-8-person82" type="given" value="John"></interp>
                     <interp inst="t17390906-8-person82" type="gender" value="male"></interp>
                  </persName>
            . I am Beadle of <placeName id="t17390906-8-crimeloc43">Isleworth</placeName>
                  <interp inst="t17390906-8-crimeloc43" type="placeName" value="Isleworth"></interp>
                  <interp inst="t17390906-8-crimeloc43" type="type" value="crimeLocation"></interp>
                  <join result="offencePlace" targOrder="Y" targets="t17390906-8-off41 t17390906-8-crimeloc43"></join>: On Saturday the 14th of July, Mr. Ions, a Farmer there, found a young Child in the Powder-mills River, and I was ordered to go and fetch it. I went, and saw the Child in a Meadow, covered with a little Grass. It had been taken out of the River before I came, and did not seem to be swelled, or to have any Water in its Body; but on the left side of the Head it had had a Blow; the Blood was congealed, and the Place was so soft, that I could have thrust my Finger into the Scull: I took it to the Stock-house, and on Monday the Overseers of the Poor sent to Mr Wright, the Coroner, for Letters to bury it. While they were gone, a Woman came to me, and told me she suspected the Prisoner, who worked in the Gardens, and gathered Fruit. I went after her, but did not take her; the Overseers of Teddington brought her to us, and our Churchwardens ordered me to get her a Bed, because she was not in a fit Condition to be sent to Newgate. On Wednesday the Coroner sat on the Body, and he ordered me to shew it to the Prisoner. She begged I would not bring it near her, for (said she) 'tis my own Child, - born of my own Body. I asked her how she could tell That, unless she saw it? She said, it was, and she was very sorry for it: But she did not see it, nor would she suffer me to open the Coffin. When she was first brought to us, we told her under what Circumstances we found the Child, and she did not then say any Thing to it; but on Thursday Night I sat up with her, and in the Middle of the Night she asked me, if I had been to see after John Gadd? I told her no, I did not know him. She said he was at Drayton; that he went there last Monday, and had taken a Field of Wheat to reap; that she was with him last Sunday Night, and was to have met him again had she not been taken.</p>
               <p>
            
                  <persName id="t17390906-8-person83">
                  Elizabeth 
                  Nell 
               <interp inst="t17390906-8-person83" type="surname" value="Nell"></interp>
                     <interp inst="t17390906-8-person83" type="given" value="Elizabeth"></interp>
                     <interp inst="t17390906-8-person83" type="gender" value="female"></interp>
                  </persName>
            , Midwife. When the Prisoner was taken, I was sent to examine her. I asked her if she had had a Child? She said, yes; she was delivered on the Monday before, in a Field as she was going over a Style, and some Men coming by, she went away and left the Child behind. I told her, that Story did not appear feasible, and asked her if it was born alive? She said it was not: And I reply'd I was sure it was born alive by its Head; for it was very much bruised and swelled, and the Blood was congeal'd, which I apprehend it would not have been, had it been born dead. After I had told her I was a Midwife, and it would be better for her to tell me the Truth; she said - then, Mrs. Midwife, I will tell you the Truth: - The Child was born alive, and liv'd a Quarter of an Hour, but as she was sitting in Pain by the River-side, with the Child in her Lap, it rolled out of her Lap into the Water. I asked her again, how long it liv'd, and what she wrapp'd it in? She said, it lived half an Hour; that she tore a Piece of her Apron to wrap it, and that it had been dead half an Hour, or an Hour before she threw it in. I enquired of her, if she had made any Preparation for its being born? She told me, she had two Caps given her, but she had given them away again. The Child was brought to my House, before they carried it to the Cage; and I plainly saw its Death was occasioned by the Bruise on the Head, for no Water appeared in it, and it was very fresh when I first saw it.</p>
               <p>
            
                  <persName id="t17390906-8-person84">
                  Elizabeth 
                  Thackery 
               <interp inst="t17390906-8-person84" type="surname" value="Thackery"></interp>
                     <interp inst="t17390906-8-person84" type="given" value="Elizabeth"></interp>
                     <interp inst="t17390906-8-person84" type="gender" value="female"></interp>
                  </persName>
            . When the Prisoner was taken, she was carry'd to the Sign of the Bell; I went thither and ask'd her, if she was the unfortunate poor Creature that had had a Child? Yes, (she said) and it was found drown'd. I enquired of her, who was the Father of it? She told me, - 
               <persName id="t17390906-8-person85">
                  John 
                  Gadd 
               <interp inst="t17390906-8-person85" type="surname" value="Gadd"></interp>
                     <interp inst="t17390906-8-person85" type="given" value="John"></interp>
                     <interp inst="t17390906-8-person85" type="gender" value="male"></interp>
                  </persName>
             was the Father, and that she was not marry'd to him, but she had lived with him in an odd Manner, a Year and a half, and<xptr type="pageFacsimile" doc="173909060008"></xptr> had miscarr'yd of a Child, by him, once before. She said, she was very poor, and was delivered of this Child as she was going over a Style: That it was born alive, and she heard it cry a little, but she had nothing to wrap it in, except a Bit of her old Apron, and she was so very ill, she did not know what to do with herself. She said, John Gadd was a very wicked Fellow, and she did not know but he might make away with it, tho' she just before had told me, - that she, herself, put it into the Water, and she did not say any thing was done to it, before she put it in. I saw the Bruise on the Side of the Head.</p>
               <p>The Midwife. 'Tis not impossible that Bruise might be given it, by throwing it into the Water.</p>
               <p>Prisoner. I went to Richmond to see for Work, and when I got there, I fell in Travel, and sat down for two Hours to ease my Pains. While I was there, the Beadle of Richmond came to me; I asked him for the Help of some good Women. He threatened me, and brought me cross the Water; then he called me Bitch, and bid me shift for myself. So I went to Twickenham, and there likewise I was refused Relief, and the Beadle of that Place, led me out of that Town, and left me in the Fields; where I was so bad, that I was almost dead, and did not know whether my Baby was dead or alive.</p>
               <p>The Midwife. She did say something to me, about the Beadle of Richmond refusing her Help.</p>
               <p>
            
                  <persName id="t17390906-8-person86">
                  Samuel 
                  Goodwin 
               <interp inst="t17390906-8-person86" type="surname" value="Goodwin"></interp>
                     <interp inst="t17390906-8-person86" type="given" value="Samuel"></interp>
                     <interp inst="t17390906-8-person86" type="gender" value="male"></interp>
                  </persName>
            . The Day the Coroner sat on the Child, the Prisoner told me, that no Person was with her when she was delivered, but this John Gadd, whom I have often seen with her, under my Haycocks. She likewise said, That a Quarter of an Hour after she had been delivered, John Gadd took her Apron from under her Head, and having tore a Piece off, he wrapped the Child in it, and went away, and she never had seen him since. <rs id="t17390906-8-verdict44" type="verdictDescription">
                     <interp inst="t17390906-8-verdict44" type="verdictCategory" value="guilty"></interp>
               Guilty
            </rs>, <rs id="t17390906-8-punish45" type="punishmentDescription">
                     <interp inst="t17390906-8-punish45" type="punishmentCategory" value="death"></interp>
                     <join result="defendantPunishment" targOrder="Y" targets="t17390906-8-defend81 t17390906-8-punish45"></join>
               Death
            </rs>.</p>
            </div1>