<?xml version="1.0" encoding="UTF-8"?>
<div1 type="trialAccount" id="t17300828-28">
               <interp inst="t17300828-28" type="collection" value="BAILEY"></interp>
               <interp inst="t17300828-28" type="year" value="1730"></interp>
               <interp inst="t17300828-28" type="uri" value="sessionsPapers/17300828"></interp>
               <interp inst="t17300828-28" type="date" value="17300828"></interp>
               <join result="criminalCharge" id="t17300828-28-off147-c105" targOrder="Y" targets="t17300828-28-defend157 t17300828-28-off147 t17300828-28-verdict150"></join>
         
               <p>
            
               
                  <persName id="t17300828-28-defend157" type="defendantName">
                     Elizabeth 
                     Smith 
                  <interp inst="t17300828-28-defend157" type="surname" value="Smith"></interp>
                     <interp inst="t17300828-28-defend157" type="given" value="Elizabeth"></interp>
                     <interp inst="t17300828-28-defend157" type="gender" value="female"></interp>
                  </persName>
               
            , of <placeName id="t17300828-28-defloc146">St. Margaret's Westminster</placeName>
                  <interp inst="t17300828-28-defloc146" type="placeName" value="St. Margaret's Westminster"></interp>
                  <interp inst="t17300828-28-defloc146" type="type" value="defendantHome"></interp>
                  <join result="persNamePlace" targOrder="Y" targets="t17300828-28-defend157 t17300828-28-defloc146"></join>, was <rs id="t17300828-28-off147" type="offenceDescription">
                     <interp inst="t17300828-28-off147" type="offenceCategory" value="kill"></interp>
                     <interp inst="t17300828-28-off147" type="offenceSubcategory" value="infanticide"></interp>
               indicted for the Murther of her Female Bastard Infant, by throwing it into a Vault, by which it was suffocated and strangled
            </rs>, the <rs id="t17300828-28-cd148" type="crimeDate">28th of July</rs>
                  <join result="offenceCrimeDate" targOrder="Y" targets="t17300828-28-off147 t17300828-28-cd148"></join> last.</p>
               <p>She was likewise indicted a second time on the Coroner's Inquest, for the felonious slaying the said Female Infant.</p>
               <p>
            
                  <persName id="t17300828-28-person158">
                  Mary 
                  Mason 
               <interp inst="t17300828-28-person158" type="surname" value="Mason"></interp>
                     <interp inst="t17300828-28-person158" type="given" value="Mary"></interp>
                     <interp inst="t17300828-28-person158" type="gender" value="female"></interp>
                  </persName>
             depos'd, That she had suspected the Prisoner to be with Child two or three Months before, and had taxed her with it, but she deny'd it, and spoke to her Aunt about it; that the Prisoner being Fellow-<rs id="t17300828-28-deflabel149" type="occupation">Servant</rs>
                  <join result="persNameOccupation" targOrder="Y" targets="t17300828-28-defend157 t17300828-28-deflabel149"></join> with her, she took Notice she was uneasy in the Night, in Bed, but lay till the usual time, and getting up, went to work; but perceiving her to go to the Vault more than once, she ask'd her, what ail'd her? She reply'd, she had a violent Looseness. That she went again to the Vault, which was a pretty way backwards and under-ground, that she might possibly cry out, and not be heard,<xptr type="pageFacsimile" doc="173008280008"></xptr> but she did not hear her; that when she came back, she seeming very Ill, she ask'd, what was the Matter with her? She said, nothing; that thereupon she sent immediately for a Midwife, who having examined her, found she had had a Child; ask'd, where it was? She reply'd, it was in the Vault; that the Vault being search'd, the Child was taken out, but no Marks of Violence appeared upon it.</p>
               <p>Jane Hall, the Midwife, depos'd, That she being sent for, ask'd the Prisoner, if she had not had a Child? But she said nothing; and afterwards said, she was taken with a Pain in the Vault, and the Child dropp'd from her; that the Child being taken out, she wash'd it, and examin'd it, and found no Marks of Violence upon it, and that the Child was at its full time. This Evidence being ask'd, If it was not possible for a Woman to be so surprized as a Birth might happen after that manner? She reply'd, that it was. She being likewise ask'd, Whether the Prisoner made Provision for the Child? She reply'd, She found one Child's Cap in her Box, and had heard that there was more in another Place.</p>
               <p>
            
                  <persName id="t17300828-28-person159">
                  Mary 
                  Smith 
               <interp inst="t17300828-28-person159" type="surname" value="Smith"></interp>
                     <interp inst="t17300828-28-person159" type="given" value="Mary"></interp>
                     <interp inst="t17300828-28-person159" type="gender" value="female"></interp>
                  </persName>
             depos'd, The Prisoner had brought to her Holland, and Things to make sit for a Child, which she produced in Court; after a full hearing of the Matter, the Jury <rs id="t17300828-28-verdict150" type="verdictDescription">
                     <interp inst="t17300828-28-verdict150" type="verdictCategory" value="notGuilty"></interp>
               acquitted
            </rs> her.</p>
            </div1>