<?xml version="1.0" encoding="UTF-8"?>
<div1 type="trialAccount" id="t17331205-20">
               <interp inst="t17331205-20" type="collection" value="BAILEY"></interp>
               <interp inst="t17331205-20" type="year" value="1733"></interp>
               <interp inst="t17331205-20" type="uri" value="sessionsPapers/17331205"></interp>
               <interp inst="t17331205-20" type="date" value="17331205"></interp>
               <join result="criminalCharge" id="t17331205-20-off97-c126" targOrder="Y" targets="t17331205-20-defend170 t17331205-20-off97 t17331205-20-verdict99"></join>
         
               <p>24. 
               
                  <persName id="t17331205-20-defend170" type="defendantName">
                     Mary 
                     Doe 
                  <interp inst="t17331205-20-defend170" type="surname" value="Doe"></interp>
                     <interp inst="t17331205-20-defend170" type="given" value="Mary"></interp>
                     <interp inst="t17331205-20-defend170" type="gender" value="female"></interp>
                  </persName>
               
            , was indicted for the <rs id="t17331205-20-off97" type="offenceDescription">
                     <interp inst="t17331205-20-off97" type="offenceCategory" value="kill"></interp>
                     <interp inst="t17331205-20-off97" type="offenceSubcategory" value="infanticide"></interp>
               Murder of her Male Bastard Infant, by strangling and choaking it with both her Hands
            </rs>, on the <rs id="t17331205-20-cd98" type="crimeDate">29th of October</rs>
                  <join result="offenceCrimeDate" targOrder="Y" targets="t17331205-20-off97 t17331205-20-cd98"></join> last.</p>
               <p>
            
                  <persName id="t17331205-20-person171">
                  Frances 
                  Crook 
               <interp inst="t17331205-20-person171" type="surname" value="Crook"></interp>
                     <interp inst="t17331205-20-person171" type="given" value="Frances"></interp>
                     <interp inst="t17331205-20-person171" type="gender" value="female"></interp>
                  </persName>
            , Midwife. On the 30th of October, I was sent for to the Prisoner, and found she had been delivered of a Child. She said, something (she knew not what) was come from her, but it was no Child. I ask'd her, what she did with that which came from her? She said she did not know where it was. I told her it signify'd nothing to deny it, for I was sure she had had a Child, and therefore a Child I would find. Then she confess'd that it was a Man Child; but said it was born dead, and that her Father took it from her, but she could not tell what he had done with it. Her Father coming in I told him his Daughter had been Deliver'd - Deliver'd ! says he, Ay, so she has - of a Sir-Reverence. Those were his Words, begging your Worship's Pardon. I saw so much by his Behaviour towards the Prisoner, and some other Passages, that in short, I told him, I believ'd he was Father to the Child, as well as Grandfather; and that he had done my Business, and deliver'd her himself before I was sent for. So he went out, and I examin'd the Prisoner, and she declar'd to me, that her Father had lain with her, and that she never had to do with any other Man but him. On the 2d of November following, the Prisoner's Mother gave me a Note, I suppose it was sent from her Husband, who was then run away, and in this Note, it was said, that the Child was wrapt up in an old Curtain, and laid in among some Horse-litter in Tom Turd's-Hole (a Place where the Nightmen lay their Soil) and there it was found. I saw no Marks of Violence upon it; but I believe it bled to death for want of proper Help.</p>
               <p>
            
                  <persName id="t17331205-20-person172">
                  Joseph 
                  Sandford 
               <interp inst="t17331205-20-person172" type="surname" value="Sandford"></interp>
                     <interp inst="t17331205-20-person172" type="given" value="Joseph"></interp>
                     <interp inst="t17331205-20-person172" type="gender" value="male"></interp>
                  </persName>
            , Surgeon, in Goodman's-Fields. On the 2d of November last a Male Infant (suppos'd to be born of the Prisoner, 
               <persName id="t17331205-20-person173">
                  Mary 
                  Doe 
               <interp inst="t17331205-20-person173" type="surname" value="Doe"></interp>
                     <interp inst="t17331205-20-person173" type="given" value="Mary"></interp>
                     <interp inst="t17331205-20-person173" type="gender" value="female"></interp>
                  </persName>
            ) was brought to me to have my Opinion, whether it had been Still-born, or not. I view'd the Body, and found no external Marks of Violence; upon which I proceeded to open the Cavities of the Thorax and Abdomen. The Lungs appear'd inflated ; I cut off one of the Lobes, and putting it into a Vessel of Water, it floated; I am therefore of Opinion that the Infant had<xptr type="pageFacsimile" doc="173312050011"></xptr> breathed; I likewise found that the Blood-vessels in general were empty, and the Navel-string lacerated, and not ty'd; for which Reason, I believe, proper Help was wanting, and the Child might bleed to Death.</p>
               <p>
            
                  <persName id="t17331205-20-person174">
                  Mary 
                  White 
               <interp inst="t17331205-20-person174" type="surname" value="White"></interp>
                     <interp inst="t17331205-20-person174" type="given" value="Mary"></interp>
                     <interp inst="t17331205-20-person174" type="gender" value="female"></interp>
                  </persName>
            . The Prisoner and her Father and Mother liv'd in a Room in my House for many Years; her Father is a Journeyman Carpenter, and her Mother went out a Washing. The Prisoner, as far as ever I saw, always behaved herself prettily and modestly, tho' at last, poor Creature, she happen'd to be with Child, and she was deliver'd in my House.</p>
               <p>Court. Did she call for Help ?</p>
               <p>M White. I cannot say that I heard her.</p>
               <p>Court. Do you think she was so weak that she could not, or that she was under any Surprize, and her Labour came so suddenly that she had not Time to call for Assistance?</p>
               <p>M. White. I know nothing as to those Things, but here is a Waistcoat proper for a young Child, which found in a Waistcot Box in her Room, and she said she had provided it for that Purpose; and she told me her Father took the Child from her - poor young Creature - she's hardly Sixteen - her wicked Father has ruin'd her.</p>
               <p>
            
                  <persName id="t17331205-20-person175">
                  John 
                  Tindall 
               <interp inst="t17331205-20-person175" type="surname" value="Tindall"></interp>
                     <interp inst="t17331205-20-person175" type="given" value="John"></interp>
                     <interp inst="t17331205-20-person175" type="gender" value="male"></interp>
                  </persName>
            , Constable. The Midwife brought me a Note with Directions to search for the Child among some Sraw, by the Hog-house in Tom T - d's-fields, and there we found it wrapp'd up in a Linsey-Woolsey Curtain - Her Father is in Reading Goal.</p>
               <p>
            
                  <persName id="t17331205-20-person176">
                  Susan 
                  Glover 
               <interp inst="t17331205-20-person176" type="surname" value="Glover"></interp>
                     <interp inst="t17331205-20-person176" type="given" value="Susan"></interp>
                     <interp inst="t17331205-20-person176" type="gender" value="female"></interp>
                  </persName>
            . I have known the Prisoner two or three Years; I always took her for a good-natur'd, inoffensive, modest Girl, and I was extreamly startled at the News of her having had a Child; I talk'd with her about it - she complain'd of her Father for deluding her, and said she had indeed had a Child, but that her Father took it from her, and she did not see it more. There were no Marks of Violence on the Child, and I believe it might bleed to death thro' her Ignorance and want of proper Help.</p>
               <p>
            
                  <persName id="t17331205-20-person177">
                  Eleanor 
                  Whitchurch 
               <interp inst="t17331205-20-person177" type="surname" value="Whitchurch"></interp>
                     <interp inst="t17331205-20-person177" type="given" value="Eleanor"></interp>
                     <interp inst="t17331205-20-person177" type="gender" value="female"></interp>
                  </persName>
            . I always took her for an honest sober Girl before this Misfortune, and I believe the Child might die for want of Help.</p>
               <p>The Jury <rs id="t17331205-20-verdict99" type="verdictDescription">
                     <interp inst="t17331205-20-verdict99" type="verdictCategory" value="notGuilty"></interp>
               acquitted
            </rs> her.</p>
            </div1>