<?xml version="1.0" encoding="UTF-8"?>
<div1 type="trialAccount" id="t17500912-76">
               <interp inst="t17500912-76" type="collection" value="BAILEY"></interp>
               <interp inst="t17500912-76" type="year" value="1750"></interp>
               <interp inst="t17500912-76" type="uri" value="sessionsPapers/17500912"></interp>
               <interp inst="t17500912-76" type="date" value="17500912"></interp>
               <join result="criminalCharge" id="t17500912-76-off323-c442" targOrder="Y" targets="t17500912-76-defend602 t17500912-76-off323 t17500912-76-verdict326"></join>
         
               <p>600. 
               
                  <persName id="t17500912-76-defend602" type="defendantName">
                     Jane 
                     Trigg 
                  <interp inst="t17500912-76-defend602" type="surname" value="Trigg"></interp>
                     <interp inst="t17500912-76-defend602" type="given" value="Jane"></interp>
                     <interp inst="t17500912-76-defend602" type="gender" value="female"></interp>
                  </persName>
               
            . <rs id="t17500912-76-deflabel322" type="occupation">spinster</rs>
                  <join result="persNameOccupation" targOrder="Y" targets="t17500912-76-defend602 t17500912-76-deflabel322"></join>, was indicted for the <rs id="t17500912-76-off323" type="offenceDescription">
                     <interp inst="t17500912-76-off323" type="offenceCategory" value="kill"></interp>
                     <interp inst="t17500912-76-off323" type="offenceSubcategory" value="infanticide"></interp>
               murder of her female bastard child
            </rs>, <rs id="t17500912-76-cd324" type="crimeDate">July 1</rs>
                  <join result="offenceCrimeDate" targOrder="Y" targets="t17500912-76-off323 t17500912-76-cd324"></join>. and she stood charged on the coroner's inquisition for the said murder.</p>
               <p>
            
                  <persName id="t17500912-76-person603">
                  William 
                  Glover 
               <interp inst="t17500912-76-person603" type="surname" value="Glover"></interp>
                     <interp inst="t17500912-76-person603" type="given" value="William"></interp>
                     <interp inst="t17500912-76-person603" type="gender" value="male"></interp>
                  </persName>
            . I live at <placeName id="t17500912-76-crimeloc325">Sunbury, in Middlesex</placeName>
                  <interp inst="t17500912-76-crimeloc325" type="placeName" value="Sunbury, in Middlesex"></interp>
                  <interp inst="t17500912-76-crimeloc325" type="type" value="crimeLocation"></interp>
                  <join result="offencePlace" targOrder="Y" targets="t17500912-76-off323 t17500912-76-crimeloc325"></join>. My back yard comes against the prisoner's necessary house. On Sunday the first of July I got up about 6 o'clock, and opened my backdoor. I heard a groaning . I had occasion to go into my own necessary house. The time I was there, I heard this groaning continually. Then I went near. I heard a person speaking to the prisoner who was in her necessary house. The prisoner said, I have been prodigious bad all night with the cholic and pain in my bowels. I don't take upon me to swear to the voice ; but I think it was the prisoner. I thought no more of it till a child was found on the Wednesday morning in this necessary house. Then there came 
               <persName id="t17500912-76-person604">
                  William 
                  Johnson 
               <interp inst="t17500912-76-person604" type="surname" value="Johnson"></interp>
                     <interp inst="t17500912-76-person604" type="given" value="William"></interp>
                     <interp inst="t17500912-76-person604" type="gender" value="male"></interp>
                  </persName>
            , 
               <persName id="t17500912-76-person605">
                  Thomas 
                  Gunter 
               <interp inst="t17500912-76-person605" type="surname" value="Gunter"></interp>
                     <interp inst="t17500912-76-person605" type="given" value="Thomas"></interp>
                     <interp inst="t17500912-76-person605" type="gender" value="male"></interp>
                  </persName>
            , 
               <persName id="t17500912-76-person606">
                  John 
                  King 
               <interp inst="t17500912-76-person606" type="surname" value="King"></interp>
                     <interp inst="t17500912-76-person606" type="given" value="John"></interp>
                     <interp inst="t17500912-76-person606" type="gender" value="male"></interp>
                  </persName>
            , and 
               <persName id="t17500912-76-person607">
                  John 
                  Hillier 
               <interp inst="t17500912-76-person607" type="surname" value="Hillier"></interp>
                     <interp inst="t17500912-76-person607" type="given" value="John"></interp>
                     <interp inst="t17500912-76-person607" type="gender" value="male"></interp>
                  </persName>
            , to my house, and desired I'd let them go into my back yard, to see if there was a child in that vault. I had flung a great heap of dirt to keep the filth from coming through. They dug that away. Then they saw a child, I did not go with them; they came and told me what they saw, and desired I'd lend them something to get it out. I lent them a garden how, with which they took it out, and brought it to my house. There was a bruise on one side of the head. It was a female child. It was reported about the town, the prisoner was with child before this.</p>
               <p>
            
                  <persName id="t17500912-76-person608">
                  Thomas 
                  Gunter 
               <interp inst="t17500912-76-person608" type="surname" value="Gunter"></interp>
                     <interp inst="t17500912-76-person608" type="given" value="Thomas"></interp>
                     <interp inst="t17500912-76-person608" type="gender" value="male"></interp>
                  </persName>
             and 
               <persName id="t17500912-76-person609">
                  William 
                  Johnson 
               <interp inst="t17500912-76-person609" type="surname" value="Johnson"></interp>
                     <interp inst="t17500912-76-person609" type="given" value="William"></interp>
                     <interp inst="t17500912-76-person609" type="gender" value="male"></interp>
                  </persName>
             deposed to their taking the child out of the Vault, and washing it; and that it was reported some time that the prisoner was with child.</p>
               <p>
            
                  <persName id="t17500912-76-person610">
                  Jane 
                  Reading 
               <interp inst="t17500912-76-person610" type="surname" value="Reading"></interp>
                     <interp inst="t17500912-76-person610" type="given" value="Jane"></interp>
                     <interp inst="t17500912-76-person610" type="gender" value="female"></interp>
                  </persName>
            . I live under the same roof the prisoner does, I was going to the pump this Sunday morning. I saw the prisoner sitting in the necessary house. She groaned, and said, it was a sad thing to have her bowels so bad. I said, so it is. She got off and went in a-doors. I went out about my business. When I came back again about 8 o'clock, I found the house very still. Some time after her mother came home. I asked her how her daughter did. She said, she was indifferent. After that, I observed the necessary house clean washed. On the Wednesday morning I got a candle and looked down the necessary house, and there I saw a young child lie, then I made it known</p>
               <p>
            
                  <persName id="t17500912-76-person611">
                  Richard 
                  Stephens 
               <interp inst="t17500912-76-person611" type="surname" value="Stephens"></interp>
                     <interp inst="t17500912-76-person611" type="given" value="Richard"></interp>
                     <interp inst="t17500912-76-person611" type="gender" value="male"></interp>
                  </persName>
            . I am a Surgeon, and live at this same town. Hearing a female child was found in a bog house, on Friday the 6th of July, I went to see the child. I did not observe any marks of violence on it. It was a fine full grown child. I opened the chest of it, and took out the right lobe of the lungs, and put it into Water. That induced me to believe the child was born alive ; for that swam. Had the child never breathed, the lungs would have sunk.</p>
               <p>Q. Is it possible a woman might be deliver'd of such a child as this, by a sudden surprize, while she is sitting on the necessary house?</p>
               <p>Stevens. It is very improbable.</p>
               <p>Q. Is it possible?</p>
               <p>Stevens. I think it is next to impossible.</p>
               <p>Q. Are you a man-midwife ?</p>
               <p>Stevens. No, my lord, I am not.</p>
               <p>Q. Have you never heard of things of this kind coming by surprize?</p>
               <p>Stevens. No, Sir.</p>
               <p>Q. Suppose a woman should be taken with violent pains, while sitting in that manner? whether or no a child may not come from her immediately?</p>
               <p>Stevens. It is very improbable.</p>
               <p>Q. Does not such sort of disorder occassion the person sometimes to want to go to stool?</p>
               <p>Stevens. I never heard of such a thing.</p>
               <p>Q. Did you never hear of a woman going cross a room, and, upon some sudden surprize, bring forth a child directly?</p>
               <p>Stevens. I never knew an instance of it.</p>
               <p>Q. to 
               <persName id="t17500912-76-person612">
                  Jane 
                  Reading 
               <interp inst="t17500912-76-person612" type="surname" value="Reading"></interp>
                     <interp inst="t17500912-76-person612" type="given" value="Jane"></interp>
                     <interp inst="t17500912-76-person612" type="gender" value="female"></interp>
                  </persName>
            . Was there any thing appeared at that time, that could induce you to believe the prisoner was deliver'd ?</p>
               <p>
            
                  <persName id="t17500912-76-person613">
                  J 
                  Reading 
               <interp inst="t17500912-76-person613" type="surname" value="Reading"></interp>
                     <interp inst="t17500912-76-person613" type="given" value="J"></interp>
                     <interp inst="t17500912-76-person613" type="gender" value="indeterminate"></interp>
                  </persName>
            . I saw nothing.</p>
               <p>Q. Did you hear a child cry?</p>
               <p>
            
                  <persName id="t17500912-76-person614">
                  J 
                  Reading 
               <interp inst="t17500912-76-person614" type="surname" value="Reading"></interp>
                     <interp inst="t17500912-76-person614" type="given" value="J"></interp>
                     <interp inst="t17500912-76-person614" type="gender" value="indeterminate"></interp>
                  </persName>
            . I did not.</p>
               <p>
                  <rs id="t17500912-76-verdict326" type="verdictDescription">
                     <interp inst="t17500912-76-verdict326" type="verdictCategory" value="notGuilty"></interp>
               Acquitted
            </rs>.</p>
            </div1>