<?xml version="1.0" encoding="UTF-8"?>
<div1 type="trialAccount" id="t17570526-22">
               <interp inst="t17570526-22" type="collection" value="BAILEY"></interp>
               <interp inst="t17570526-22" type="year" value="1757"></interp>
               <interp inst="t17570526-22" type="uri" value="sessionsPapers/17570526"></interp>
               <interp inst="t17570526-22" type="date" value="17570526"></interp>
               <join result="criminalCharge" id="t17570526-22-off111-c175" targOrder="Y" targets="t17570526-22-defend210 t17570526-22-off111 t17570526-22-verdict114"></join>
         
               <p>235. (L.) 
               
                  <persName id="t17570526-22-defend210" type="defendantName">
                     Mary 
                     Mussen 
                  <interp inst="t17570526-22-defend210" type="surname" value="Mussen"></interp>
                     <interp inst="t17570526-22-defend210" type="given" value="Mary"></interp>
                     <interp inst="t17570526-22-defend210" type="gender" value="female"></interp>
                  </persName>
               
            , <rs id="t17570526-22-deflabel110" type="occupation">spinster</rs>
                  <join result="persNameOccupation" targOrder="Y" targets="t17570526-22-defend210 t17570526-22-deflabel110"></join>, was indicted for the <rs id="t17570526-22-off111" type="offenceDescription">
                     <interp inst="t17570526-22-off111" type="offenceCategory" value="kill"></interp>
                     <interp inst="t17570526-22-off111" type="offenceSubcategory" value="infanticide"></interp>
               murder of her female bastard child, by cutting its throat
            </rs>, <rs id="t17570526-22-cd112" type="crimeDate">April 29</rs>
                  <join result="offenceCrimeDate" targOrder="Y" targets="t17570526-22-off111 t17570526-22-cd112"></join>. She stood likewise charg'd on the coroner's inquest for the said murder.</p>
               <p>Mr. Phipps. Although I am prosecutor in this trial, I can give but little light into it. I can only inform the court I did suspect the prisoner to be with child, and very strictly charged her with it.</p>

               <p>Q. What was she?</p>
               <p>Phipps. She was my <rs id="t17570526-22-deflabel113" type="occupation">servant</rs>
                  <join result="persNameOccupation" targOrder="Y" targets="t17570526-22-defend210 t17570526-22-deflabel113"></join>.</p>
               <p>Q. Can you tell the time you charged her with being with child?</p>
               <p>Phipps. I can't exactly tell the time. I believe it might be about two months before she was brought to bed.</p>
               <p>Q. What was her answer?</p>
               <p>Phipps. She very boldly denied it, and assur'd me with great truth and veracity it was a very unjust censure; she shew'd no signs of guilt at all. She answer'd in such a manner that I was really a good deal inclined to think she was innocent.</p>
               <p>Q. Did she appear big?</p>
               <p>Phipps. She did, which was the cause of suspicion. She told me it was a distemper, and was inclinable to think it was the dropsy.</p>
               <p>Q. Was it very visible?</p>
               <p>Phipps. It was. She never in the least strove to conceal that, which rather confirm'd me in the belief of her innocence. I told her if that was the case, she was an object of pity and compassion, and I would get her to be an out patient in the hospital. I thought that to discharge her my service would be of hurt to her, rather than alleviate her case (as there are undeniable cases where women may have the appearance of being with child, when really they are not so) so I continued her in my service till it came to this unhappy issue. I did not see the child nor her after she was delivered. Here are witnesses that can inform the court as to the particulars of it. So I shall beg leave to refer your lordship to their examination.</p>
               <p>Q. Do you know that she had taken any thing by way of medicine?</p>
               <p>Phipps. She told me she was under the care of some person (whom I forget) and had taken a very strong dose of medicine.</p>
               <p>Q. When did she tell you this?</p>
               <p>Phipps. The preceding night of her being brought to bed.</p>
               <p>Cross Examination.</p>
               <p>Q. How long had she liv'd with you?</p>
               <p>Phipps. I believe she liv'd with me about eight months.</p>
               <p>Q. How was her behaviour that time?</p>
               <p>Phipps. Her behaviour was nothing amiss, and to the last went about the house very chearful and merry, and I really thought it had been a distemper.</p>
               <p>
            
                  <persName id="t17570526-22-person211">
                  Mary 
                  Short 
               <interp inst="t17570526-22-person211" type="surname" value="Short"></interp>
                     <interp inst="t17570526-22-person211" type="given" value="Mary"></interp>
                     <interp inst="t17570526-22-person211" type="gender" value="female"></interp>
                  </persName>
            . I am servant to Mr. Phipps. On the over night that the prisoner was brought to bed, she told me she had taken physic.</p>
               <p>Q. Did you see her take it?</p>
               <p>A. No, I did not; when I went to see her in the morning she told me she had been very ill of the cholic.</p>
               <p>Q. How long had she been in the house?</p>
               <p>A. About eight months.</p>
               <p>Q. How long have you been there?</p>
               <p>A. I have been there longer.</p>
               <p>Q. What morning was this you speak of?</p>
               <p>A. This was on the 29th of April. I ask'd her how she was then, she said she was very ill, but said she was a great deal easier than she had been.</p>
               <p>Q. What time of the day was this?</p>
               <p>A. This was about ten o'clock. I ask'd her if she would please to have any thing, she said no. I went down and brought her up some broth; she eat them, and said she was a good deal easier and better, and beg'd she might lie down and go to sleep.</p>
               <p>Q. Was she up at that time?</p>
               <p>
                  <xptr type="pageFacsimile" doc="175705260024"></xptr>A. No, she was in bed then. I went down, and after that went to her again, and said I thought she seemed very ill, and if she would have body of her acquaintance to come I would send for them.</p>
               <p>Q. What time was this?</p>
               <p>A. This was about half an hour after ten o'clock; her answer was she was better, and she chose to lie still, and did not want any body. I went away from her, and went again in less than half an hour.</p>
               <p>Q. Did she and you lie together?</p>
               <p>A. No, we did not.</p>
               <p>Q. What did she say then ?</p>
               <p>A. She said she was a great deal better, and desir'd she might not be disturb'd, for she was going to sleep. I left her, and after that she had some water gruel, and still desir'd to be alone by herself, and said she thought she should go to sleep.</p>
               <p>Q. Did you ever suspect she was with child ?</p>
               <p>A. I did, and have often charged her with being with child, but she never would own it.</p>
               <p>Q. How often have you charged her?</p>
               <p>A. A great many times. She said she was no more with child than I was, and if she was, the D - l got it, for she never knew a man. From her answers she made me, I did believe it was a distemper, as she so stedsastly denied it; that afternoon she had some wine.</p>
               <p>Q. What time was that?</p>
               <p>A. It was between three and four o'clock. I never left her alone all day long, but was backwards and forwards; when I gave her the wine I perceived she was in a great deal of pain, I ask'd her if she would have any more, she said no, she had rather be left alone than to be troubled so. I was with her till the midwife came.</p>
               <p>Q. Did you know she was sent for?</p>
               <p>A. No, I did not.</p>
               <p>Q. What time was it when she came?</p>
               <p>A. I believe it was between 7 and 8 in the evening.</p>
               <p>Q. After she came what did you observe?</p>
               <p>A. I was sent for something that was wanting, and was not in the room when the midwife found the child.</p>
               <p>Q. What did you see when you return'd ?</p>
               <p>A. When I came again I saw a child lying on the table with its throat cut.</p>
               <p>Q. Describe the cut.</p>
               <p>A. It seem'd to be two inches long, crossway, directly in the middle of the throat.</p>
               <p>Q. How deep did it seem to be?</p>
               <p>A. I can't particularly tell that.</p>
               <p>Q. Did you hear the prisoner say any thing?</p>
               <p>A. I heard her say she did not know how that happen'd, for she did not go to do it.</p>
               <p>Q. Did you observe any thing else?</p>
               <p>A. I observed a great quantity of blood wrap'd up in a colour'd apron.</p>
               <p>Q. Was the body warm or cold?</p>
               <p>A. I was so frighted I could not observe any thing as to that.</p>
               <p>Q. Did you observe any thing besides blood in the colour'd apron?</p>
               <p>A. I observed the stool of a new-born infant there; it was wrap'd up with the child.</p>
               <p>Q. Did you observe any more blood than what you speak of?</p>
               <p>A. I observed blood in the bed, and I saw likewise more about the bed-side, on the bed, not on the floor.</p>
               <p>Q. What quantity?</p>
               <p>A. I really can't tell what quantity, there was a great deal.</p>
               <p>Cross Examination.</p>
               <p>Q. How did she behave during the time she lived fellow servant with you?</p>
               <p>A. She always behaved well.</p>
               <p>Q. Did you or did you not believe she was with child?</p>
               <p>A. I did not believe she was.</p>
               <p>Q. Did she appear like a person that had been in great torture ?</p>
               <p>A. Not then; she told me she was much easier than she had been.</p>
               <p>Q. How then did she appear?</p>
               <p>A. Not as a person in great torture.</p>
               <p>Q. When you carried her up some wine, and found her in pain, about three or four o'clock, how long did you stay with her?</p>
               <p>A. I staid with her till the midwife came.</p>
               <p>
                  <xptr type="pageFacsimile" doc="175705260025"></xptr>Q. Did you think her with child then?</p>
               <p>A. No, I did not.</p>
               <p>Q. Why so?</p>
               <p>A. Because she had so stiffly denied it to me. I was backwards and forwards all day long.</p>
               <p>Q. What were the times you were with her ?</p>
               <p>A. I was with her at ten, at eleven, between twelve and one, and when I came from dinner, which was about half an hour after three; it was at that time I went up and gave her some wine and a bit of bread.</p>
               <p>Q. How long was it at the most you was absent from her at any one time that day?</p>
               <p>A. There was about half an hour's space between the times of my going to her.</p>
               <p>Q. Was you commonly in the room with her, or what you call backwards and forwards?</p>
               <p>A. I was backwards and forwards with her, she was not left alone any length of time.</p>
               <p>Q. When was the child born?</p>
               <p>A. I don't know that.</p>
               <p>Mrs. 
               <persName id="t17570526-22-person212">
                  Ann 
                  Farrer 
               <interp inst="t17570526-22-person212" type="surname" value="Farrer"></interp>
                     <interp inst="t17570526-22-person212" type="given" value="Ann"></interp>
                     <interp inst="t17570526-22-person212" type="gender" value="female"></interp>
                  </persName>
            . I was sent for to Mr. Phipps's, and when I came there was told they had a suspicion that the prisoner was with child.</p>
               <p>Q. What time of the day was it that you went?</p>
               <p>A. I believe it was about eight at night; I was desired by Mrs. Phipps to go up-stairs, but not to let her know who I was, or what I came about. I went up and told her I came from her friends ow how she did; she told me she was be than what she had been, but she had had the cholick a great many hours, and on asking of her several questions I had reason to believe that a child was born, upon which I acquainted Mrs. Phipps with my suspicion who desired I would insist upon knowing where the child was laid.</p>
               <p>Q. What did you upon that ?</p>
               <p>A. I told her I found she was suspected in the house for being with child, and I apprehended she would make no scruple in letting the family know whether she was or not; she said she was not. I told her she had been delivered of a child.</p>
               <p>Q. What answer did she make to that?</p>
               <p>A. I told her I was very well assured there had been a child born. She said, how could I prove that? I said from many circumstances, and your master and his lady are in the other room with an officer, who will come in and take you into custody if you will not confess it, and where it is laid; then, after a great many hesitations; she told me it was under the bolster, where I look'd and found it.</p>
               <p>Q. In what condition did you find it?</p>
               <p>A. The throat was cut, and it was wrap'd up in a colour'd apron.</p>
               <p>Q. Was it a large or small wound?</p>
               <p>A. There was a large wound cross the throat, as to the length I can't be particular.</p>
               <p>Q. Did you observe, according to your judgment, whether the child had been dead long or not?</p>
               <p>A. I believe not.</p>
               <p>Q. Why do you believe not?</p>
               <p>A. The stomach was warm, and I observ'd two or three drops of blood issue from the throat, after it was laid upon the table.</p>
               <p>Q. How were the limbs, was there any warmth there?</p>
               <p>A. I believe not.</p>
               <p>Q. Did you observe any quantity of blood?</p>
               <p>A. I can't be a judge as to the quantity, the apron was full; there was a great deal.</p>
               <p>Q. Did you observe any thing else upon the apron?</p>
               <p>A. I observed a stool there.</p>
               <p>Q. From what you observ'd, can you form any judgment whether the child was born alive or not.</p>
               <p>A. I rather think it was than it was not.</p>
               <p>Q. Don't you recollect something from that stool being upon the apron?</p>
               <p>A. Yes.</p>
               <p>Q. Did ever a child that was born dead make a stool to your knowledge?</p>
               <p>A. I think not.</p>
               <p>Q. Did you observe whether it was a perfect child?</p>
               <p>A. It was at its full time.</p>
               <p>Q. Did you observe any blood upon the bed?</p>
               <p>A. Yes; there was a large quantity.</p>
               <p>
                  <xptr type="pageFacsimile" doc="175705260026"></xptr>Q. Could you form any judgment how long the child had been dead?</p>
               <p>A. The limbs seem'd as if they had been cram'd together.</p>
               <p>Q. How, and in what manner?</p>
               <p>A. One leg seem'd to be drawn up backwards.</p>
               <p>Q. Can you form any judgment with what instrument this incision was made?</p>
               <p>A. I asked her where the knife was. She said it was in the chair by her.</p>
               <p>Q. Did you find it there?</p>
               <p>A. Yes, I did, as she directed. (Produced in court; the court and jury look at it, and find blood dried on it.)</p>
               <p>Cross Examination.</p>
               <p>Q. Have you been a midwife a great while?</p>
               <p>A. I have.</p>
               <p>Q. Have you sufficient knowledge to know this; supposing a child is strangled, or otherwise killed just at the time it is born, so that it does not come alive from the woman, can you distinguish whether it can have a stool, supposing life just departed from it?</p>
               <p>A. I think it impossible.</p>
               <p>Q. When life is going by violence from any person, do you know or not, whether those persons have evacuations at the mouth, or otherwise?</p>
               <p>A. We have often instances in that at the mouth, but I can't say I ever met with it in this kind.</p>
               <p>Q. Whether that blood that was in the bed was in that part of the bed where the prisoner lay?</p>
               <p>A. It was.</p>
               <p>Q. Do you apprehend that issued from the child?</p>
               <p>A. No, I do not; but it was the consequence of another cause.</p>
               <p>Council. You say one of the child's legs was a little drawn up.</p>
               <p>A. Yes, it was.</p>
               <p>Q. Is it customary of a child, if there should be a hard birth, to be distorted in its birth?</p>
               <p>A. They are generally contracted, but where there is life we put them strait; a child is generally drawn a little.</p>
               <p>Q. Have you seen women in great torture of a hard birth; is it not such as would make her glad of every opportunity to relieve herself from that torture?</p>
               <p>A. To be sure it would.</p>
               <p>Council. You say you ask'd her where the knife was, with which she made the wound, and she said it lay in the chair by the bedside; what was her answer to the next question ?</p>
               <p>A. I asked her how she could be so cruel. She said, she did not intend to murder it.</p>
               <p>Q. Supposing you had had no directions at all of the prisoner, might not you have found the knife by the bedside?</p>
               <p>A. I imagine I should.</p>
               <p>Q. Was there any thing upon the chair besides the knife?</p>
               <p>A. I can't take upon me to say there was, but I was very much surprised.</p>
               <p>Q. In the delivery of this child, might it not be necessary to make use of some sort of an instrument?</p>
               <p>A. Yes.</p>
               <p>Q. In what manner?</p>
               <p>A. To part the child.</p>
               <p>Q. Must that instrument be applied to the child's throat?</p>
               <p>A. No.</p>
               <p>Q. There is something to be cut, is there not?</p>
               <p>A. There is.</p>
               <p>Q. Supposing the child in the delivery was to be very difficult in coming from the mother, and the mother should attempt to cut the navel-string, might not she cut the throat through mistake?</p>
               <p>A. I can't say any thing to that; I never met with any instance of that sort.</p>
               <p>Q. Have not children sometimes their navel-strings wrap'd round their necks in their birth?</p>
               <p>A. Very often; the umbilical vein was cut within an inch and a half, or two inches of the body.</p>
               <p>
            
                  <persName id="t17570526-22-person213">
                  John 
                  James 
               <interp inst="t17570526-22-person213" type="surname" value="James"></interp>
                     <interp inst="t17570526-22-person213" type="given" value="John"></interp>
                     <interp inst="t17570526-22-person213" type="gender" value="male"></interp>
                  </persName>
            . I was desired to examine the child, to determine whether it was born alive or dead if I could; I found it lying at it's full length upon a table.</p>
               <p>
                  <xptr type="pageFacsimile" doc="175705260027"></xptr>Q. Did it appear to you to have been born perfect?</p>
               <p>A. It did, in all its parts, and at it's full time. I f ound a large wound extended cross the neck.</p>
               <p>Q. How long might that wound be?</p>
               <p>A. From skin to skin it might be about three inches in length; it had divided the wind-pipe entirely, and all the blood vessels on each side the wind-pipe, both veins and arteries. I thought I observed that blood had been forced from the wound backwards, there was the trace of fresh blood in the nose, and the child had been washed very clean.</p>
               <p>Q. What did you collect from seeing fresh blood there?</p>
               <p>A. From that I collected that the child was born alive, for I imagine the blood by the breath had been forced up into the nose thro' the wind-pipe; this was an argument with me to induce me to believe it, for no dead body breathes. I then open'd the body, and examin'd the state of the lungs, and found they had been inflated, there had wind passed into the lungs; the nature of the lungs is, when the animal has been alive and air has passed into them, that they will float in water; any animal that has never been alive, and breath has never passed into the lungs, they will sink in water. This is a positive proof to know that the child had been alive. From this circumstance I did conclude that the child had been alive, and gave it in as my judgment.</p>
               <p>Q. Could you form any judgment how long the child had been alive?</p>
               <p>A. No, I could not.</p>
               <p>Q. Do you take it that the lungs were as much inflated as if the child had breathed for for a considerable time?</p>
               <p>A. I don't determine that, the lungs may inlarge by the continual admission of air; they may extend themselves.</p>
               <p>Q. Supposing the child strangled in its birth, with its head foremost, as soon as the mouth is exposed to the air, might it not be said the lungs are in some degree inflated?</p>
               <p>A. I can't take upon me to determine that. In such cases it is the strongest proof we can arrive at, by trying the lungs in water, to know whether the child has or has not breathed.</p>
               <p>Q. Did you see the apron afterwards?</p>
               <p>A. I did.</p>
               <p>Q. Did you see the stool?</p>
               <p>A. I did, but can't pretend to say any thing in relation to that; that is not what I was call'd to determine.</p>
               <p>Cross Examination.</p>
               <p>Council. Then the moment the air gets into the lungs they become inflated; can you see any reason why a child that has got it's head in the air, and afterwards dies in the birth, why that child's lungs should not be inflated, because inflation must go in at the mouth?</p>
               <p>A. I can't determine how far that may or may not be the case, because I have not examin'd it so critically.</p>
               <p>Prisoner's Defence.</p>
               <p>I am innocent of what is laid to my charge. I did not know what I did at that time.</p>
               <p>For the Prisoner.</p>
               <p>Mr. Shaw. I have been in the midwisry and surgery way many years. I have known more instances than one, that children have had stools and urine where they have died in the birth.</p>
               <p>Q. Supposing a woman in great agony in labour should attempt to cut the navel string, might not she cut the child's throat?</p>
               <p>A. I can't say as to that.</p>
               <p>Q. Have you known navel strings wrap'd round the child's neck?</p>
               <p>A. I have known that very often. I was once call'd upon such an occasion, and I found a piece of the navel string left in the kitchen, cut in two different places.</p>
               <p>
            
                  <persName id="t17570526-22-person214">
                  John 
                  Mussen 
               <interp inst="t17570526-22-person214" type="surname" value="Mussen"></interp>
                     <interp inst="t17570526-22-person214" type="given" value="John"></interp>
                     <interp inst="t17570526-22-person214" type="gender" value="male"></interp>
                  </persName>
            . The prisoner is my daughter. I carry'd her a bottle of hiera picra, on the Wednesday before this accident happen'd.</p>
               <p>Q. How came you to carry that?</p>
               <p>A. She had complain'd to her mother that<xptr type="pageFacsimile" doc="175705260028"></xptr> she had got the dropsy, so my wife desired me to carry it to her.</p>
               <p>
            
                  <persName id="t17570526-22-person215">
                  Margaret 
                  Cook 
               <interp inst="t17570526-22-person215" type="surname" value="Cook"></interp>
                     <interp inst="t17570526-22-person215" type="given" value="Margaret"></interp>
                     <interp inst="t17570526-22-person215" type="gender" value="female"></interp>
                  </persName>
            . I have known the prisoner very well these eighteen or nineteen years.</p>
               <p>Q. What has her behaviour been?</p>
               <p>A. She was always a very civil quiet girl, extremely sober and honest.</p>

               <p>Q. Was she of a tender or a cruel disposition towards children?</p>
               <p>A. Nobody was more tender of children, she has been so to mine?</p>
               <p>Q. What is her general character?</p>
               <p>A. She had always a good character till this time.</p>
               <p>
            
                  <persName id="t17570526-22-person216">
                  Elizabeth 
                  Cofield 
               <interp inst="t17570526-22-person216" type="surname" value="Cofield"></interp>
                     <interp inst="t17570526-22-person216" type="given" value="Elizabeth"></interp>
                     <interp inst="t17570526-22-person216" type="gender" value="female"></interp>
                  </persName>
            . I have known the prisoner nineteen years, or almost from her birth; when she was a child, she was under my care.</p>
               <p>Q. What is her general character?</p>
               <p>A. She always was a very sober and modest girl.</p>
               <p>Q. How was her disposition towards children, tender or cruel?</p>
               <p>A. I never perceived but that she was a tender mild girl, and never heard of any blemish in her character till this time.</p>
               <p>
            
                  <persName id="t17570526-22-person217">
                  Sarah 
                  Spradbrough 
               <interp inst="t17570526-22-person217" type="surname" value="Spradbrough"></interp>
                     <interp inst="t17570526-22-person217" type="given" value="Sarah"></interp>
                     <interp inst="t17570526-22-person217" type="gender" value="female"></interp>
                  </persName>
            . I have known the prisoner ten or twelve years.</p>
               <p>Q. What is her general character?</p>
               <p>A. She was a very sober modest girl, as far as ever I heard.</p>
               <p>Q. What was her disposition towards children?</p>
               <p>A. She was a very meek girl, universally good till this accident happen'd.</p>
               <p>Mrs. Hines. I have known her ever since she was fourteen years of age.</p>
               <p>Q. How long is it ago since you first knew her?</p>
               <p>A. That is about thirteen years ago.</p>
               <p>Q. What is her general character?</p>
               <p>A. I never heard any thing amiss of her till this time.</p>
               <p>Q. Was she tender or cruel towards children?</p>
               <p>A. She was remarkable for tenderness to children; she used to dress out all the children in the town where she was born, and would give them any thing.</p>
               <p>Mrs. York. I have known her eighteen years.</p>
               <p>Q. What has been her behaviour and character?</p>
               <p>A. She was always reckon'd a very sober virtuous young woman.</p>
               <p>Q. Was she tender of children?</p>
               <p>A. She was extremely tender of children. I lived in the house with her mother, and could not have believed any such thing of her, or that she could be capable of doing what is laid to her charge.</p>
               <p>
            
                  <persName id="t17570526-22-person218">
                  Mary 
                  Edwards 
               <interp inst="t17570526-22-person218" type="surname" value="Edwards"></interp>
                     <interp inst="t17570526-22-person218" type="given" value="Mary"></interp>
                     <interp inst="t17570526-22-person218" type="gender" value="female"></interp>
                  </persName>
            . I have known her about twelve years.</p>
               <p>Q. What is her general character?</p>
               <p>A. A very sober honest girl as any I know. Her character was generally good.</p>
               <p>Q. Was she humane or tender, or what?</p>
               <p>A. She was a very tender girl, and fond of children; she used to take the neighbours children about with her as if they were her own.</p>
               <p>Mr. Wells. I have known her ever since she was born. I served my time next door to her father's house.</p>
               <p>Q. What was her general character ?</p>
               <p>A. She was always a very modest girl, I never heard the least word amiss of her till now.</p>
               <p>Q. Was she humane or cruel to children?</p>
               <p>A. She was always good-natur'd and always counted so.</p>
               <p>
            
                  <persName id="t17570526-22-person219">
                  Charles 
                  Harding 
               <interp inst="t17570526-22-person219" type="surname" value="Harding"></interp>
                     <interp inst="t17570526-22-person219" type="given" value="Charles"></interp>
                     <interp inst="t17570526-22-person219" type="gender" value="male"></interp>
                  </persName>
            . I have known her twenty four years.</p>
               <p>Q. What is her general character?</p>
               <p>A. She always had an extream good character; a tender, sober, honest girl.</p>
               <p>Q. With regard to her tenderness to children, how was she?</p>
               <p>A. She always seemed very tender to children, she loved to play in the street with them.</p>
               <p>
            
                  <persName id="t17570526-22-person220">
                  William 
                  Rogers 
               <interp inst="t17570526-22-person220" type="surname" value="Rogers"></interp>
                     <interp inst="t17570526-22-person220" type="given" value="William"></interp>
                     <interp inst="t17570526-22-person220" type="gender" value="male"></interp>
                  </persName>
            . I have known her ever since her birth almost; her father and I were fellow apprentices together.</p>
               <p>Q. What is her general character?</p>
               <p>A. A modest sober well behaved girl; I never heard any thing to the contrary in my life time.</p>
               <p>Q. How did she behave towards children?</p>
               <p>
                  <xptr type="pageFacsimile" doc="175705260029"></xptr>A. As to children I cannot give any account, because I was very seldom at Highgate, where she lived.</p>
               <p>
                  <rs id="t17570526-22-verdict114" type="verdictDescription">
                     <interp inst="t17570526-22-verdict114" type="verdictCategory" value="guilty"></interp>
               Guilty
            </rs>, <rs id="t17570526-22-punish115" type="punishmentDescription">
                     <interp inst="t17570526-22-punish115" type="punishmentCategory" value="death"></interp>
                     <interp inst="t17570526-22-punish115" type="punishmentSubcategory" value="deathAndDissection"></interp>
                     <join result="defendantPunishment" targOrder="Y" targets="t17570526-22-defend210 t17570526-22-punish115"></join>
               Death
            </rs>.</p>
               <p>This being Friday, <rs id="t17570526-22-punish116" type="punishmentDescription">
                     <interp inst="t17570526-22-punish116" type="punishmentCategory" value="death"></interp>
                     <interp inst="t17570526-22-punish116" type="punishmentSubcategory" value="executed"></interp>
                     <join result="defendantPunishment" targOrder="Y" targets="t17570526-22-defend210 t17570526-22-punish116"></join>
               she received sentence immediately after the verdict given to be executed the Monday following, and to be dissected and anatomiz'd, and was executed accordingly
            </rs>.</p>
            </div1>