<?xml version="1.0" encoding="UTF-8"?>
<div1 type="trialAccount" id="t17731020-75">
               <interp inst="t17731020-75" type="collection" value="BAILEY"></interp>
               <interp inst="t17731020-75" type="year" value="1773"></interp>
               <interp inst="t17731020-75" type="uri" value="sessionsPapers/17731020"></interp>
               <interp inst="t17731020-75" type="date" value="17731020"></interp>
               <join result="criminalCharge" id="t17731020-75-off362-c466" targOrder="Y" targets="t17731020-75-defend628 t17731020-75-off362 t17731020-75-verdict366"></join>
         
               <p>720. (M.) 
               
                  <persName id="t17731020-75-defend628" type="defendantName">
                     AMELIA
                      POWELL
                  <interp inst="t17731020-75-defend628" type="surname" value="POWELL"></interp>
                     <interp inst="t17731020-75-defend628" type="given" value="AMELIA"></interp>
                     <interp inst="t17731020-75-defend628" type="gender" value="female"></interp>
                     <interp inst="t17731020-75-defend628" type="age" value="sixteen"></interp>
                  </persName>
               
             was indicted for <rs id="t17731020-75-off362" type="offenceDescription">
                     <interp inst="t17731020-75-off362" type="offenceCategory" value="kill"></interp>
                     <interp inst="t17731020-75-off362" type="offenceSubcategory" value="infanticide"></interp>
               that she being delivered of a male bastard child alive, she did put both her hands about the neck of the said child, and of her malice aforethought did choak and strangle it, whereof the said child did instantly die
            </rs>. She also stood charged on the Coroner's Inquest with the said murder, <rs id="t17731020-75-cd363" type="crimeDate">Aug. 29</rs>
                  <join result="offenceCrimeDate" targOrder="Y" targets="t17731020-75-off362 t17731020-75-cd363"></join>. *</p>
               <p>
            
                  <persName id="t17731020-75-person629">
                  Thomas
                   Bradford
               <interp inst="t17731020-75-person629" type="surname" value="Bradford"></interp>
                     <interp inst="t17731020-75-person629" type="given" value="Thomas"></interp>
                     <interp inst="t17731020-75-person629" type="gender" value="male"></interp>
                  </persName>
            . I am beadle of the parish of St. Luke, Chelsea. On the 29th of August<xptr type="pageFacsimile" doc="177310200042"></xptr> last, which was a Sabbath-day, commonly called Sunday, Mr. Pleydell told me that his <rs id="t17731020-75-deflabel364" type="occupation">servant</rs>
                  <join result="persNameOccupation" targOrder="Y" targets="t17731020-75-defend628 t17731020-75-deflabel364"></join>, the prisoner at the bar, that poor ignorant girl, had been delivered of a child, which he feared she had murdered, and desired me to go and inform the overseers of it, which I did.</p>
               <p>
            
                  <persName id="t17731020-75-person630">
                  Mary
                   Pleydell
               <interp inst="t17731020-75-person630" type="surname" value="Pleydell"></interp>
                     <interp inst="t17731020-75-person630" type="given" value="Mary"></interp>
                     <interp inst="t17731020-75-person630" type="gender" value="female"></interp>
                  </persName>
            . The prisoner was my servant: I live at <placeName id="t17731020-75-crimeloc365">Lawrence-street, Chelsea</placeName>
                  <interp inst="t17731020-75-crimeloc365" type="placeName" value="Lawrence-street, Chelsea"></interp>
                  <interp inst="t17731020-75-crimeloc365" type="type" value="crimeLocation"></interp>
                  <join result="offencePlace" targOrder="Y" targets="t17731020-75-off362 t17731020-75-crimeloc365"></join>. About twelve or one at noon, on Sunday the 29th of August, she was roasting a joint of meat; she went into the yard; my daughter called me, and told me there was something the matter with the prisoner; I went to her and accused her with having had a child; she said no she had not, nor knew nothing of one; I taxed her several times; I got her up into her own room; I sent for Mrs. Holmes, that recommended her to me; I went up stairs; I bid her confess what she had done with the child; she again declared she had had no child. Mrs. Holmes then went up stairs to her, but I did not go with her.</p>
               <p>Q. Do you know whether she had had a child or not?</p>
               <p>Pleydell. I saw some circumstances in the kitchen that convinced me she had had a child; after that the child was found. Mrs. Holmes staid up stairs with her very near half an hour. The overseers sent 
               <persName id="t17731020-75-person631">
                  Elizabeth
                   Bowman
               <interp inst="t17731020-75-person631" type="surname" value="Bowman"></interp>
                     <interp inst="t17731020-75-person631" type="given" value="Elizabeth"></interp>
                     <interp inst="t17731020-75-person631" type="gender" value="female"></interp>
                  </persName>
            , and she went up to her. There were people sent to take up the necessary floor, and the child was found there; that was very near an hour after. I never saw the child.</p>
               <p>Q. Did you ever hear the prisoner say any thing more about it?</p>
               <p>Pleydell. No; I never spoke to her afterwards; she went away immediately to the workhouse.</p>
               <p>Cross Examination.</p>
               <p>Q. How old is the prisoner?</p>
               <p>Pleydell. I do not know certainly, about sixteen or seventeen; I believe I remember when she was in the charity school: she is a very ignorant girl.</p>
               <p>Q. She always bore a good character I believe?</p>
               <p>Pleydell. Yes, and was very diligent in her business, but very ignorant; I question whether she knows how long a woman should go with child.</p>
               <p>
            
                  <persName id="t17731020-75-person632">
                  Mary
                   Holmes
               <interp inst="t17731020-75-person632" type="surname" value="Holmes"></interp>
                     <interp inst="t17731020-75-person632" type="given" value="Mary"></interp>
                     <interp inst="t17731020-75-person632" type="gender" value="female"></interp>
                  </persName>
            . The prisoner had lived with Mrs. Pleydell near a month; Mrs. Pleydell sent for me, and desired me to go up stairs and tax her with it; I said Melia, Melia, what have you done? there is a child somewhere; she cried and trembled very much; she said she had occasion to go to the vault, and was delivered upon the vault. I saw the child about an hour after, when it was taken out of the vault; it was a male child.</p>
               <p>Q. Was it at its full time?</p>
               <p>Holmes. I did not observe any thing particular.</p>
               <p>Q. Did you see any marks of violence upon it?</p>
               <p>Holmes. I saw no marks of violence.</p>
               <p>Q. Did you observe its neck?</p>
               <p>Holmes. I looked at it and saw no marks of violence at all upon it.</p>
               <p>
            
                  <persName id="t17731020-75-person633">
                  Elizabeth
                   Bowman
               <interp inst="t17731020-75-person633" type="surname" value="Bowman"></interp>
                     <interp inst="t17731020-75-person633" type="given" value="Elizabeth"></interp>
                     <interp inst="t17731020-75-person633" type="gender" value="female"></interp>
                  </persName>
            . I am a midwife: the beadle fetched me on the 29th of August to Mrs. Pleydell's; I went up stairs; I found the prisoner sitting up in a bed in the garret; I saw from circumstances something was the matter; I asked her what was the matter; she said nothing; I told her I suspected she had been delivered of a child; she said she had not had a child.</p>
               <p>Q. Was Mrs. Holmes there then?</p>
               <p>Bowman. I believe she was; directly upon that, the daughter of the woman of the house said, the prisoner had owned it was down the necessary; I told them the necessary must be opened; it was opened and the child was taken up; I saw it about a quarter of an hour after it was taken up; it was a fine child; there were no marks of violence upon it.</p>
               <p>Q. Did you search it narrowly?</p>
               <p>Bowman. Yes.</p>
               <p>Q. Did you observe it's neck?</p>
               <p>Bowman. I did observe every part of it.</p>
               <p>Q. I suppose it is a possible thing that a woman might be surprised and delivered at a necessary?</p>
               <p>Bowman. She said the child came from her at the necessary, and it was possible to be so; I knew an instance of a married lady, in great credit, very near like it; she desired to go to the necessary; I objected to it; she did not suppose herself so near delivery; she went there; she was taken very bad, and the child dropt before I got her to the bed.</p>
               <p>
                  <rs id="t17731020-75-verdict366" type="verdictDescription">
                     <interp inst="t17731020-75-verdict366" type="verdictCategory" value="notGuilty"></interp>
               Acquitted
            </rs>.</p>
            </div1>